ReleaseDate,Movie,Genre,ProductionBudget,DomesticBoxOfficeToDate,Year,NetflixRating,OnNetflix,Awards,Nominations,BestPicture,RottenTomatosCriticScore,RottenTomatosAudienceScore,BigGenre,CalDate
6-Jan,The Devil Inside,Horror,1000000,53261944,2012,NetflixRating,0,0,0,6,22,1.1935483870967742
13-Jan,Contraband,Action,25000000,66528000,2012,NetflixRating,0,0,0,51,57,1.4193548387096775
13-Jan,The Divide,Thriller/Suspense,3000000,18000,2012,NetflixRating,0,0,0,26,38,1.4193548387096775
13-Jan,Joyful Noise,Musical,27500000,30932113,2012,NetflixRating,0,0,0,33,66,1.4193548387096775
13-Jan,Newlyweds,Comedy,9000,4584,2012,NetflixRating,0,0,0,70,54,1.4193548387096775
20-Jan,Haywire,Thriller/Suspense,23000000,18942396,2012,NetflixRating,0,0,0,80,40,1.6451612903225805
20-Jan,Red Tails,Action,58000000,49876377,2012,NetflixRating,0,0,0,40,58,1.6451612903225805
20-Jan,Underworld: Awakening,Action,70000000,62321039,2012,NetflixRating,0,0,0,26,62,1.6451612903225805
27-Jan,The Grey,Thriller/Suspense,25000000,51580136,2012,NetflixRating,0,0,0,79,61,1.870967741935484
27-Jan,One for the Money,Comedy,42000000,26414527,2012,NetflixRating,0,0,0,2,43,1.870967741935484
3-Feb,Chronicle,Thriller/Suspense,12000000,64575175,2012,NetflixRating,0,0,0,76,61,2.096774193548387
3-Feb,Kill List,Horror,800000,29063,2012,NetflixRating,0,0,0,76,57,2.096774193548387
3-Feb,The Woman in Black,Thriller/Suspense,15000000,54333290,2012,NetflixRating,0,0,0,66,55,2.096774193548387
10-Feb,Journey 2: The Mysterious Island,Adventure,79000000,103860290,2012,NetflixRating,0,0,0,42,60,2.3225806451612905
10-Feb,The Vow,Drama,30000000,125014030,2012,NetflixRating,0,0,0,29,63,2.3225806451612905
24-Feb,Act of Valor,Action,12000000,70012847,2012,NetflixRating,0,0,0,25,73,2.774193548387097
24-Feb,Tyler Perry's Good Deeds,Drama,14000000,35025791,2012,NetflixRating,0,0,0,31,77,2.774193548387097
24-Feb,Wanderlust,Comedy,32500000,17288155,2012,NetflixRating,0,0,0,59,40,2.774193548387097
2-Mar,Doctor Seuss' The Lorax,Adventure,67500000,214030500,2012,NetflixRating,0,0,0,NA,NA,3.064516129032258
2-Mar,Project X,Comedy,12000000,54731865,2012,NetflixRating,0,0,0,28,61,3.064516129032258
9-Mar,John Carter,Adventure,275000000,73058679,2012,NetflixRating,0,0,0,51,60,3.2903225806451615
9-Mar,A Thousand Words,Comedy,40000000,18450127,2012,NetflixRating,0,0,0,0,48,3.2903225806451615
16-Mar,Casa de mi Padre,Comedy,6000000,5909483,2012,NetflixRating,0,0,0,43,37,3.5161290322580645
23-Mar,The Hunger Games,Thriller/Suspense,80000000,408010692,2012,NetflixRating,0,0,0,84,81,3.741935483870968
23-Mar,October Baby,Drama,1000000,5355847,2012,NetflixRating,0,0,0,22,80,3.741935483870968
30-Mar,Mirror Mirror,Adventure,85000000,64935167,2012,NetflixRating,0,0,0,49,45,3.967741935483871
30-Mar,Wrath of the Titans,Adventure,150000000,83670083,2012,NetflixRating,0,0,0,25,49,3.967741935483871
6-Apr,American Reunion,Comedy,50000000,56758835,2012,NetflixRating,0,0,0,43,63,4.193548387096774
13-Apr,Blue Like Jazz,Comedy,1200000,595018,2012,NetflixRating,0,0,0,38,65,4.419354838709677
13-Apr,The Cabin in the Woods,Thriller/Suspense,30000000,42073277,2012,NetflixRating,0,0,0,92,73,4.419354838709677
13-Apr,The Three Stooges,Comedy,30000000,44338224,2012,NetflixRating,0,0,0,51,48,4.419354838709677
20-Apr,Think Like a Man,Romantic Comedy,12000000,91547205,2012,NetflixRating,0,0,0,53,80,4.645161290322581
27-Apr,The Pirates! Band of Misfits,Adventure,55000000,31051126,2012,NetflixRating,0,0,0,86,60,4.870967741935484
27-Apr,Safe,Action,33000000,17142080,2012,NetflixRating,0,0,0,57,59,4.870967741935484
4-May,Marvel's The Avengers,Adventure,225000000,623279547,2012,NetflixRating,0,0,0,92,91,5.129032258064516
4-May,The Best Exotic Marigold Hotel,Comedy,10000000,46383639,2012,NetflixRating,0,0,0,78,79,5.129032258064516
16-May,The Dictator,Comedy,65000000,59650222,2012,NetflixRating,0,0,0,57,45,5.516129032258064
18-May,Battleship,Action,209000000,65235400,2012,NetflixRating,0,0,0,34,55,5.580645161290323
18-May,Beyond the Black Rainbow,Drama,1100000,56491,2012,NetflixRating,0,0,0,46,53,5.580645161290323
18-May,What to Expect When You're Expecting,Romantic Comedy,37500000,41152203,2012,NetflixRating,0,0,0,22,48,5.580645161290323
25-May,Chernobyl Diaries,Horror,1000000,18119640,2012,NetflixRating,0,0,0,19,28,5.806451612903226
25-May,Men in Black 3,Adventure,215000000,179020854,2012,NetflixRating,0,0,0,70,71,5.806451612903226
25-May,Moonrise Kingdom,Drama,16000000,45512466,2012,NetflixRating,0,0,0,94,86,5.806451612903226
1-Jun,Snow White and the Huntsman,Adventure,170000000,155136755,2012,NetflixRating,0,0,0,48,52,6.032258064516129
8-Jun,Madagascar 3: Europe's Most Wanted,Adventure,145000000,216391482,2012,NetflixRating,0,0,0,79,73,6.258064516129032
8-Jun,Safety Not Guaranteed,Comedy,750000,4010957,2012,NetflixRating,0,0,0,91,80,6.258064516129032
15-Jun,That's My Boy,Comedy,67500000,36931089,2012,NetflixRating,0,0,0,20,53,6.483870967741936
15-Jun,Rock of Ages,Musical,70000000,38518613,2012,NetflixRating,0,0,0,41,55,6.483870967741936
15-Jun,Your Sister's Sister,Drama,120000,1597486,2012,NetflixRating,0,0,0,83,66,6.483870967741936
22-Jun,Abraham Lincoln: Vampire Hunter,Horror,67500000,37519139,2012,NetflixRating,0,0,0,35,51,6.709677419354839
22-Jun,Brave,Adventure,185000000,237282182,2012,NetflixRating,1,1,0,78,85,6.709677419354839
22-Jun,To Rome with Love,Romantic Comedy,21500000,16684352,2012,NetflixRating,0,0,0,43,41,6.709677419354839
27-Jun,Beasts of the Southern Wild,Drama,1800000,12795746,2012,NetflixRating,0,0,0,86,76,6.870967741935484
29-Jun,Ted,Comedy,50000000,218665740,2012,NetflixRating,0,0,0,68,74,6.935483870967742
29-Jun,People Like Us,Drama,16000000,12431792,2012,NetflixRating,0,0,0,55,63,6.935483870967742
3-Jul,The Amazing Spider-Man,Adventure,220000000,262030663,2012,NetflixRating,0,0,0,73,78,7.096774193548387
5-Jul,Katy Perry: Part of Me 3D,Concert/Performance,12000000,25326071,2012,NetflixRating,0,0,0,78,72,7.161290322580645
13-Jul,Ice Age: Continental Drift,Adventure,95000000,161321843,2012,NetflixRating,0,0,0,37,63,7.419354838709677
20-Jul,The Dark Knight Rises,Action,275000000,448139099,2012,NetflixRating,0,0,0,88,90,7.645161290322581
27-Jul,The Watch,Comedy,55000000,34353000,2012,NetflixRating,0,0,0,17,40,7.870967741935484
27-Jul,Step Up Revolution,Drama,33000000,35074677,2012,NetflixRating,0,0,0,42,69,7.870967741935484
3-Aug,Diary of a Wimpy Kid: Dog Days,Comedy,22000000,49008662,2012,NetflixRating,0,0,0,51,64,8.096774193548388
3-Aug,Total Recall,Action,125000000,58877969,2012,NetflixRating,0,0,0,30,47,8.096774193548388
17-Aug,The Expendables 2,Action,100000000,85028192,2012,NetflixRating,0,0,0,65,67,8.548387096774194
17-Aug,ParaNorman,Comedy,60000000,56003051,2012,NetflixRating,0,0,0,87,72,8.548387096774194
17-Aug,Sparkle,Drama,10000000,24397469,2012,NetflixRating,0,0,0,57,65,8.548387096774194
24-Aug,The Apparition,Horror,17000000,4936819,2012,NetflixRating,0,0,0,4,25,8.774193548387096
24-Aug,Premium Rush,Thriller/Suspense,35000000,20275446,2012,NetflixRating,0,0,0,76,60,8.774193548387096
29-Aug,The Oogieloves in the BIG Balloon Adventure,Adventure,20000000,1065907,2012,NetflixRating,0,0,0,27,69,8.935483870967742
7-Sep,The Cold Light of Day,Thriller/Suspense,20000000,3763583,2012,NetflixRating,0,0,0,5,29,9.225806451612904
7-Sep,The Inbetweeners,Comedy,5700000,35955,2012,NetflixRating,0,0,0,54,71,9.225806451612904
7-Sep,The Words,Drama,6000000,11494838,2012,NetflixRating,0,0,0,22,50,9.225806451612904
14-Sep,The Master,Drama,37500000,16247159,2012,NetflixRating,0,0,0,85,60,9.451612903225806
21-Sep,Dredd,Action,45000000,13414714,2012,NetflixRating,0,0,0,78,72,9.67741935483871
21-Sep,End of Watch,Thriller/Suspense,15000000,41003371,2012,NetflixRating,0,0,0,85,86,9.67741935483871
21-Sep,The Perks of Being a Wallflower,Drama,13000000,17742948,2012,NetflixRating,0,0,0,85,89,9.67741935483871
21-Sep,Trouble with the Curve,Drama,60000000,35763137,2012,NetflixRating,0,0,0,50,67,9.67741935483871
28-Sep,Hotel Transylvania,Comedy,85000000,148313048,2012,NetflixRating,0,0,0,45,72,9.903225806451612
28-Sep,Won't Back Down,Drama,19000000,5310554,2012,NetflixRating,0,0,0,33,62,9.903225806451612
28-Sep,Pitch Perfect,Comedy,17000000,65001093,2012,NetflixRating,0,0,0,81,83,9.903225806451612
5-Oct,Frankenweenie,Comedy,39000000,35287788,2012,NetflixRating,0,0,0,87,70,10.161290322580646
12-Oct,Argo,Thriller/Suspense,44500000,136025503,2012,NetflixRating,3,7,1,96,90,10.387096774193548
12-Oct,Here Comes the Boom,Comedy,42000000,45290318,2012,NetflixRating,0,0,0,38,67,10.387096774193548
12-Oct,Seven Psychopaths,Comedy,13500000,15024049,2012,NetflixRating,0,0,0,83,71,10.387096774193548
12-Oct,Sinister,Thriller/Suspense,3000000,48086903,2012,NetflixRating,0,0,0,63,61,10.387096774193548
19-Oct,Paranormal Activity 4,Horror,5000000,53900335,2012,NetflixRating,0,0,0,24,35,10.612903225806452
26-Oct,Cloud Atlas,Drama,102000000,27108272,2012,NetflixRating,0,0,0,66,66,10.838709677419354
26-Oct,Chasing Mavericks,Drama,20000000,6002756,2012,NetflixRating,0,0,0,31,71,10.838709677419354
26-Oct,Silent Hill: Revelation 3D,Horror,20000000,17530219,2012,NetflixRating,0,0,0,5,36,10.838709677419354
2-Nov,Flight,Drama,31000000,93772375,2012,NetflixRating,0,0,0,78,75,11.064516129032258
2-Nov,The Man with the Iron Fists,Action,15000000,15634090,2012,NetflixRating,0,0,0,49,41,11.064516129032258
2-Nov,Vamps,Romantic Comedy,16000000,3361,2012,NetflixRating,0,0,0,50,33,11.064516129032258
2-Nov,Wreck-It Ralph,Adventure,165000000,189412677,2012,NetflixRating,0,0,0,86,86,11.064516129032258
8-Nov,Skyfall,Action,200000000,304360277,2012,NetflixRating,2,5,0,92,86,11.258064516129032
9-Nov,Lincoln,Drama,65000000,182207973,2012,NetflixRating,2,12,0,90,81,11.290322580645162
16-Nov,Anna Karenina,Drama,49000000,12816367,2012,NetflixRating,1,4,0,63,50,11.516129032258064
16-Nov,Silver Linings Playbook,Drama,21000000,132092958,2012,NetflixRating,1,8,0,92,86,11.516129032258064
16-Nov,The Twilight Saga: Breaking Dawn: Part 2,Drama,136200000,292324737,2012,NetflixRating,0,0,0,48,71,11.516129032258064
21-Nov,Life of Pi,Drama,120000000,124987022,2012,NetflixRating,4,11,0,87,85,11.67741935483871
21-Nov,Red Dawn,Action,65000000,44806783,2012,NetflixRating,0,0,0,12,52,11.67741935483871
21-Nov,Rise of the Guardians,Adventure,145000000,103412758,2012,NetflixRating,0,0,0,74,81,11.67741935483871
30-Nov,Killing Them Softly,Thriller/Suspense,15000000,14945541,2012,NetflixRating,0,0,0,75,44,11.967741935483872
14-Dec,The Hobbit: An Unexpected Journey,Adventure,250000000,303003568,2012,NetflixRating,0,0,0,64,83,12.451612903225806
19-Dec,Amour,Drama,9700000,6738954,2012,NetflixRating,1,5,0,93,82,12.612903225806452
19-Dec,The Guilt Trip,Comedy,40000000,37134215,2012,NetflixRating,0,0,0,38,40,12.612903225806452
19-Dec,Zero Dark Thirty,Drama,52500000,95720716,2012,NetflixRating,1,5,0,93,80,12.612903225806452
21-Dec,Cirque du Soleil: Worlds Away,Drama,25000000,12512862,2012,NetflixRating,0,0,0,47,58,12.67741935483871
21-Dec,The Impossible,Drama,40000000,19019882,2012,NetflixRating,0,0,0,81,85,12.67741935483871
21-Dec,Jack Reacher,Drama,60000000,80070736,2012,NetflixRating,0,0,0,61,67,12.67741935483871
21-Dec,On the Road,Drama,25000000,720828,2012,NetflixRating,0,0,0,44,34,12.67741935483871
25-Dec,Django Unchained,Western,100000000,162805434,2012,NetflixRating,2,5,0,88,92,12.806451612903226
25-Dec,Les Miserables,Musical,65000000,148809770,2012,NetflixRating,3,8,0,70,79,12.806451612903226
25-Dec,Parental Guidance,Comedy,25000000,77267296,2012,NetflixRating,0,0,0,18,60,12.806451612903226
28-Dec,Promised Land,Drama,15000000,7597898,2012,NetflixRating,0,0,0,52,46,12.903225806451612
7-Jan,Season of the Witch,Thriller/Suspense,40000000,24827228,2011,NetflixRating,0,0,0,10,31,1.2258064516129032
14-Jan,The Dilemma,Comedy,70000000,48475290,2011,NetflixRating,0,0,0,24,29,1.4516129032258065
14-Jan,Down for Life,Drama,3800000,41914,2011,NetflixRating,0,0,0,-1,97,1.4516129032258065
14-Jan,The Green Hornet,Action,110000000,98780042,2011,NetflixRating,0,0,0,43,43,1.4516129032258065
21-Jan,No Strings Attached,Romantic Comedy,25000000,70662220,2011,NetflixRating,0,0,0,49,52,1.6774193548387095
28-Jan,The Mechanic,Action,42500000,29121498,2011,NetflixRating,0,0,0,53,52,1.903225806451613
28-Jan,The Rite,Horror,37000000,33047633,2011,NetflixRating,0,0,0,21,41,1.903225806451613
4-Feb,The Roommate,Thriller/Suspense,16000000,37300107,2011,NetflixRating,0,0,0,4,27,2.129032258064516
4-Feb,Sanctum,Adventure,30000000,23209310,2011,NetflixRating,0,0,0,30,38,2.129032258064516
9-Feb,Justin Bieber: Never Say Never,Concert/Performance,13000000,73013910,2011,NetflixRating,0,0,0,64,65,2.2903225806451615
11-Feb,Gnomeo and Juliet,Comedy,36000000,99967670,2011,NetflixRating,0,0,0,55,55,2.3548387096774195
11-Feb,Just Go With It,Romantic Comedy,80000000,103028109,2011,NetflixRating,0,0,0,19,60,2.3548387096774195
18-Feb,Big Mommas: Like Father: Like Son,Comedy,32000000,37915414,2011,NetflixRating,0,0,0,5,58,2.5806451612903225
18-Feb,I am Number Four,Adventure,50000000,55100437,2011,NetflixRating,0,0,0,33,58,2.5806451612903225
18-Feb,Unknown,Thriller/Suspense,40000000,63686397,2011,NetflixRating,0,0,0,38,54,2.5806451612903225
25-Feb,Des Hommes et Des Dieux,Drama,5000000,3954651,2011,NetflixRating,0,0,0,93,76,2.806451612903226
25-Feb,Drive Angry,Action,50000000,10721033,2011,NetflixRating,0,0,0,45,37,2.806451612903226
25-Feb,The Grace Card,Drama,200000,2430735,2011,NetflixRating,0,0,0,35,82,2.806451612903226
25-Feb,Hall Pass,Comedy,36000000,45060734,2011,NetflixRating,0,0,0,34,41,2.806451612903226
4-Mar,The Adjustment Bureau,Thriller/Suspense,50200000,62495645,2011,NetflixRating,0,0,0,72,67,3.129032258064516
4-Mar,Beastly,Drama,17000000,27865571,2011,NetflixRating,0,0,0,21,48,3.129032258064516
4-Mar,Rango,Adventure,135000000,123257581,2011,NetflixRating,1,1,0,88,69,3.129032258064516
5-Mar,Red State,Horror,4000000,1065429,2011,NetflixRating,0,0,0,58,54,3.161290322580645
11-Mar,3 Backyards,Drama,300000,39475,2011,NetflixRating,0,0,0,76,31,3.3548387096774195
11-Mar,Battle: Los Angeles,Action,70000000,83552429,2011,NetflixRating,0,0,0,35,48,3.3548387096774195
11-Mar,Mars Needs Moms,Adventure,150000000,21392758,2011,NetflixRating,0,0,0,37,41,3.3548387096774195
11-Mar,Red Riding Hood,Thriller/Suspense,42000000,37662162,2011,NetflixRating,0,0,0,10,39,3.3548387096774195
18-Mar,Limitless,Thriller/Suspense,27000000,79249455,2011,NetflixRating,0,0,0,70,73,3.5806451612903225
18-Mar,The Lincoln Lawyer,Thriller/Suspense,40000000,58009200,2011,NetflixRating,0,0,0,83,82,3.5806451612903225
18-Mar,Paul,Comedy,40000000,37412945,2011,NetflixRating,0,0,0,71,61,3.5806451612903225
18-Mar,Winter in Wartime,Drama,5800000,542860,2011,NetflixRating,0,0,0,73,78,3.5806451612903225
25-Mar,The 5th Quarter,Drama,6000000,408159,2011,NetflixRating,0,0,0,40,64,3.806451612903226
25-Mar,Diary of a Wimpy Kid: Rodrick Rules,Comedy,18000000,52698535,2011,NetflixRating,0,0,0,48,62,3.806451612903226
25-Mar,Sucker Punch,Action,75000000,36392502,2011,NetflixRating,0,0,0,23,47,3.806451612903226
1-Apr,Haevnen,Drama,5500000,1008098,2011,NetflixRating,0,0,0,NA,NA,4.032258064516129
1-Apr,Hop,Comedy,63000000,108085305,2011,NetflixRating,0,0,0,25,53,4.032258064516129
1-Apr,Insidious,Horror,1500000,54009150,2011,NetflixRating,0,0,0,66,61,4.032258064516129
1-Apr,The Last Godfather,Comedy,13400000,164247,2011,NetflixRating,0,0,0,-1,30,4.032258064516129
1-Apr,Source Code,Thriller/Suspense,32000000,54712227,2011,NetflixRating,0,0,0,92,81,4.032258064516129
1-Apr,Super,Black Comedy,2500000,327716,2011,NetflixRating,0,0,0,56,76,4.032258064516129
1-Apr,Trust,Drama,4000000,120016,2011,NetflixRating,0,0,0,78,65,4.032258064516129
8-Apr,Hanna,Drama,30000000,40259119,2011,NetflixRating,0,0,0,72,66,4.258064516129032
8-Apr,Meek's Cutoff,Drama,2000000,977772,2011,NetflixRating,0,0,0,85,54,4.258064516129032
8-Apr,Soul Surfer,Drama,18000000,43853424,2011,NetflixRating,0,0,0,46,77,4.258064516129032
15-Apr,The Conspirator,Drama,25000000,11538204,2011,NetflixRating,0,0,0,55,62,4.483870967741936
15-Apr,Rio,Adventure,90000000,143619809,2011,NetflixRating,0,0,0,72,71,4.483870967741936
22-Apr,POM Wonderful Presents: The Greatest Movie Ever Sold,Documentary,1800000,638476,2011,NetflixRating,0,0,0,73,64,4.709677419354839
29-Apr,Dylan Dog: Dead of Night,Horror,20000000,1186538,2011,NetflixRating,0,0,0,8,29,4.935483870967742
29-Apr,Fast Five,Action,125000000,209837675,2011,NetflixRating,0,0,0,77,82,4.935483870967742
29-Apr,Hoodwinked Too: Hood vs. Evil,Adventure,30000000,10143779,2011,NetflixRating,0,0,0,11,36,4.935483870967742
29-Apr,Prom,Comedy,8000000,10130219,2011,NetflixRating,0,0,0,36,40,4.935483870967742
6-May,The Beaver,Comedy,21000000,970816,2011,NetflixRating,0,0,0,60,56,5.193548387096774
6-May,Hobo with a Shotgun,Action,3000000,703372,2011,NetflixRating,0,0,0,66,58,5.193548387096774
6-May,Jumping the Broom,Romantic Comedy,7000000,37295394,2011,NetflixRating,0,0,0,56,59,5.193548387096774
6-May,Something Borrowed,Romantic Comedy,35000000,39046489,2011,NetflixRating,0,0,0,15,48,5.193548387096774
6-May,There Be Dragons,Drama,36000000,1069334,2011,NetflixRating,0,0,0,11,55,5.193548387096774
6-May,Thor,Action,150000000,181030624,2011,NetflixRating,0,0,0,77,76,5.193548387096774
11-May,Nanjing! Nanjing!,Drama,12000000,122558,2011,NetflixRating,0,0,0,41,74,5.354838709677419
13-May,Bridesmaids,Comedy,32500000,169106725,2011,NetflixRating,0,0,0,90,76,5.419354838709677
13-May,Everything Must Go,Drama,5000000,2712131,2011,NetflixRating,0,0,0,75,53,5.419354838709677
13-May,Hesher,Drama,7000000,382946,2011,NetflixRating,0,0,0,54,61,5.419354838709677
13-May,Priest,Horror,60000000,29136626,2011,NetflixRating,0,0,0,16,46,5.419354838709677
20-May,Midnight in Paris,Romantic Comedy,30000000,56816662,2011,NetflixRating,1,4,0,93,82,5.645161290322581
20-May,Pirates of the Caribbean: On Stranger Tides,Adventure,250000000,241063875,2011,NetflixRating,0,0,0,33,55,5.645161290322581
26-May,Kung Fu Panda 2,Adventure,150000000,165249063,2011,NetflixRating,0,0,0,81,74,5.838709677419355
27-May,The Tree of Life,Drama,35000000,13305665,2011,NetflixRating,0,0,0,84,60,5.870967741935484
3-Jun,Beginners,Drama,3200000,5790894,2011,NetflixRating,1,1,0,84,77,6.096774193548387
3-Jun,Submarine,Comedy,1900000,467602,2011,NetflixRating,0,0,0,87,81,6.096774193548387
3-Jun,X-Men: First Class,Action,160000000,146408305,2011,NetflixRating,0,0,0,87,87,6.096774193548387
9-Jun,Super 8,Thriller/Suspense,50000000,127004179,2011,NetflixRating,0,0,0,82,75,6.290322580645161
17-Jun,Green Lantern,Action,200000000,116601172,2011,NetflixRating,0,0,0,26,46,6.548387096774194
17-Jun,Mr. Poppers's Penguins,Adventure,55000000,68224452,2011,NetflixRating,0,0,0,NA,NA,6.548387096774194
24-Jun,Bad Teacher,Comedy,19000000,100292856,2011,NetflixRating,0,0,0,44,36,6.774193548387097
24-Jun,A Better Life,Drama,10000000,1759252,2011,NetflixRating,0,0,0,84,79,6.774193548387097
24-Jun,Cars 2,Adventure,200000000,191450875,2011,NetflixRating,0,0,0,39,51,6.774193548387097
24-Jun,Le nom des gens,Comedy,4600000,514237,2011,NetflixRating,0,0,0,NA,NA,6.774193548387097
29-Jun,Transformers: Dark of the Moon,Action,195000000,352390543,2011,NetflixRating,0,0,0,36,56,6.935483870967742
1-Jul,Larry Crowne,Romantic Comedy,30000000,35608245,2011,NetflixRating,0,0,0,35,41,7.032258064516129
1-Jul,The Perfect Host,Thriller/Suspense,1000000,48764,2011,NetflixRating,0,0,0,44,55,7.032258064516129
8-Jul,Horrible Bosses,Comedy,35000000,117538559,2011,NetflixRating,0,0,0,69,70,7.258064516129032
8-Jul,Zookeeper,Romantic Comedy,80000000,80360866,2011,NetflixRating,0,0,0,14,42,7.258064516129032
15-Jul,Harry Potter and the Deathly Hallows: Part II,Adventure,125000000,381011219,2011,NetflixRating,0,0,0,96,89,7.483870967741936
15-Jul,Salvation Boulevard,Comedy,5500000,28468,2011,NetflixRating,0,0,0,21,23,7.483870967741936
15-Jul,Snow Flower and the Secret Fan,Drama,6000000,1348205,2011,NetflixRating,0,0,0,21,48,7.483870967741936
15-Jul,Winnie the Pooh,Adventure,30000000,26692846,2011,NetflixRating,0,0,0,90,80,7.483870967741936
22-Jul,Another Earth,Drama,175000,1321194,2011,NetflixRating,0,0,0,63,66,7.709677419354839
22-Jul,Captain America: The First Avenger,Action,140000000,176654505,2011,NetflixRating,0,0,0,79,73,7.709677419354839
22-Jul,Elle s'appelait Sarah,Drama,14500000,7691700,2011,NetflixRating,0,0,0,73,83,7.709677419354839
29-Jul,Attack the Block,Action,13000000,1024175,2011,NetflixRating,0,0,0,90,74,7.935483870967742
29-Jul,Cowboys and Aliens,Action,163000000,100240551,2011,NetflixRating,0,0,0,44,44,7.935483870967742
29-Jul,Crazy: Stupid: Love,Comedy,50000000,84351197,2011,NetflixRating,0,0,0,78,77,7.935483870967742
29-Jul,The Devil's Double,Drama,19100000,1361512,2011,NetflixRating,0,0,0,52,65,7.935483870967742
29-Jul,The Future,Drama,1000000,568662,2011,NetflixRating,0,0,0,71,55,7.935483870967742
29-Jul,The Guard,Comedy,6000000,5359774,2011,NetflixRating,0,0,0,95,81,7.935483870967742
29-Jul,The Smurfs,Adventure,110000000,142614158,2011,NetflixRating,0,0,0,22,44,7.935483870967742
5-Aug,The Change-Up,Comedy,52000000,37081475,2011,NetflixRating,0,0,0,25,48,8.161290322580646
5-Aug,Rise of the Planet of the Apes,Adventure,93000000,176760185,2011,NetflixRating,0,0,0,-1,98,8.161290322580646
10-Aug,Glee: The 3D Concert Movie,Concert/Performance,9000000,11862398,2011,NetflixRating,0,0,0,60,65,8.32258064516129
10-Aug,The Help,Drama,25000000,169705587,2011,NetflixRating,1,4,0,76,89,8.32258064516129
12-Aug,30 Minutes or Less,Comedy,28000000,37053924,2011,NetflixRating,0,0,0,45,41,8.387096774193548
12-Aug,Final Destination 5,Horror,40000000,42587643,2011,NetflixRating,0,0,0,61,52,8.387096774193548
19-Aug,5 Days of War,Drama,12000000,17479,2011,NetflixRating,0,0,0,33,37,8.612903225806452
19-Aug,Amigo,Drama,1500000,184705,2011,NetflixRating,0,0,0,62,55,8.612903225806452
19-Aug,Conan the Barbarian 3D,Action,90000000,21295021,2011,NetflixRating,0,0,0,24,30,8.612903225806452
19-Aug,Fright Night,Horror,30000000,18298649,2011,NetflixRating,0,0,0,72,59,8.612903225806452
19-Aug,Mozart's Sister,Drama,4500000,707885,2011,NetflixRating,0,0,0,75,55,8.612903225806452
19-Aug,One Day,Drama,15000000,13843771,2011,NetflixRating,0,0,0,36,49,8.612903225806452
19-Aug,Spy Kids: All the Time in the World,Adventure,27000000,38536376,2011,NetflixRating,0,0,0,22,39,8.612903225806452
23-Aug,Higher Ground,Drama,1800000,841056,2011,NetflixRating,0,0,0,81,63,8.741935483870968
26-Aug,Brighton Rock,Drama,11000000,229653,2011,NetflixRating,0,0,0,51,34,8.838709677419354
26-Aug,Circumstance,Drama,900000,454121,2011,NetflixRating,0,0,0,86,68,8.838709677419354
26-Aug,Colombiana,Thriller/Suspense,40000000,36665854,2011,NetflixRating,0,0,0,27,67,8.838709677419354
26-Aug,Don't Be Afraid of the Dark,Horror,25000000,24046682,2011,NetflixRating,0,0,0,58,34,8.838709677419354
26-Aug,Our Idiot Brother,Comedy,5000000,24814830,2011,NetflixRating,0,0,0,67,52,8.838709677419354
26-Aug,Redemption Road,Drama,2300000,29384,2011,NetflixRating,0,0,0,57,59,8.838709677419354
31-Aug,The Debt,Thriller/Suspense,20000000,31177548,2011,NetflixRating,0,0,0,77,66,9.0
2-Sep,Apollo 18,Thriller/Suspense,5000000,17686929,2011,NetflixRating,0,0,0,24,23,9.064516129032258
2-Sep,Salvando al Soldado Perez,Action,4500000,1400726,2011,NetflixRating,0,0,0,-1,69,9.064516129032258
2-Sep,Shark Night 3D,Horror,25000000,18877153,2011,NetflixRating,0,0,0,17,22,9.064516129032258
9-Sep,Contagion,Thriller/Suspense,60000000,75658097,2011,NetflixRating,0,0,0,84,62,9.290322580645162
9-Sep,Kevin Hart: Laugh at My Pain,Concert/Performance,750000,7706436,2011,NetflixRating,0,0,0,71,85,9.290322580645162
9-Sep,Tanner Hall,Drama,3000000,5073,2011,NetflixRating,0,0,0,12,27,9.290322580645162
9-Sep,Warrior,Drama,25000000,13657115,2011,NetflixRating,0,0,0,83,92,9.290322580645162
16-Sep,3,Drama,7200000,59774,2011,NetflixRating,0,0,0,80,65,9.516129032258064
16-Sep,Drive,Action,15000000,35060689,2011,NetflixRating,0,0,0,93,78,9.516129032258064
16-Sep,I Don't Know How She Does It,Comedy,24000000,9659074,2011,NetflixRating,0,0,0,17,32,9.516129032258064
16-Sep,Restless,Drama,8000000,163753,2011,NetflixRating,0,0,0,36,48,9.516129032258064
16-Sep,Straw Dogs,Thriller/Suspense,25000000,10324441,2011,NetflixRating,0,0,0,41,34,9.516129032258064
23-Sep,Abduction,Thriller/Suspense,35000000,28087155,2011,NetflixRating,0,0,0,4,43,9.741935483870968
23-Sep,Dolphin Tale,Drama,37000000,72286779,2011,NetflixRating,0,0,0,82,81,9.741935483870968
23-Sep,Killer Elite,Action,70000000,25124986,2011,NetflixRating,0,0,0,25,43,9.741935483870968
23-Sep,Machine Gun Preacher,Drama,30000000,538690,2011,NetflixRating,0,0,0,29,63,9.741935483870968
23-Sep,Moneyball,Drama,50000000,75605492,2011,NetflixRating,0,0,0,94,86,9.741935483870968
23-Sep,Weekend,Drama,190000,484592,2011,NetflixRating,0,0,0,95,86,9.741935483870968
30-Sep,50/50,Black Comedy,8000000,35016118,2011,NetflixRating,0,0,0,93,88,9.967741935483872
30-Sep,Courageous,Drama,2000000,34522221,2011,NetflixRating,0,0,0,30,86,9.967741935483872
30-Sep,Dream House,Horror,50000000,21302340,2011,NetflixRating,0,0,0,6,36,9.967741935483872
30-Sep,Margaret,Drama,14000000,47185,2011,NetflixRating,0,0,0,71,48,9.967741935483872
30-Sep,Take Shelter,Drama,4750000,1728953,2011,NetflixRating,0,0,0,92,81,9.967741935483872
30-Sep,Tucker & Dale vs. Evil,Black Comedy,5000000,223838,2011,NetflixRating,0,0,0,84,84,9.967741935483872
30-Sep,What's Your Number?,Romantic Comedy,20000000,14011084,2011,NetflixRating,0,0,0,23,44,9.967741935483872
7-Oct,Blackthorn,Adventure,4500000,200558,2011,NetflixRating,0,0,0,75,63,10.225806451612904
7-Oct,The Ides of March,Drama,23000000,40962534,2011,NetflixRating,0,0,0,85,73,10.225806451612904
7-Oct,Real Steel,Action,110000000,85463309,2011,NetflixRating,0,0,0,60,73,10.225806451612904
7-Oct,Xinhai geming,Drama,30000000,135739,2011,NetflixRating,0,0,0,NA,NA,10.225806451612904
14-Oct,Footloose,Musical,24000000,51802742,2011,NetflixRating,0,0,0,71,61,10.451612903225806
21-Oct,Le Havre,Drama,5500000,611709,2011,NetflixRating,0,0,0,99,75,10.67741935483871
21-Oct,Johnny English Reborn,Comedy,45000000,8305970,2011,NetflixRating,0,0,0,39,45,10.67741935483871
21-Oct,Margin Call,Drama,3400000,5353586,2011,NetflixRating,0,0,0,88,74,10.67741935483871
21-Oct,Martha Marcy May Marlene,Thriller/Suspense,1000000,2981038,2011,NetflixRating,0,0,0,90,71,10.67741935483871
21-Oct,The Mighty Macs,Drama,7000000,1891936,2011,NetflixRating,0,0,0,46,64,10.67741935483871
21-Oct,Paranormal Activity 3,Horror,5000000,104028807,2011,NetflixRating,0,0,0,68,51,10.67741935483871
21-Oct,The Three Musketeers 3D,Adventure,90000000,20377913,2011,NetflixRating,0,0,0,24,40,10.67741935483871
28-Oct,Anonymous,Thriller/Suspense,27500000,4463292,2011,NetflixRating,0,0,0,47,54,10.903225806451612
28-Oct,In Time,Thriller/Suspense,35000000,37553932,2011,NetflixRating,0,0,0,36,51,10.903225806451612
28-Oct,Like Crazy,Drama,250000,3395391,2011,NetflixRating,0,0,0,73,61,10.903225806451612
28-Oct,Puss in Boots,Adventure,130000000,149260504,2011,NetflixRating,0,0,0,84,68,10.903225806451612
4-Nov,The Son of No One,Drama,15000000,30680,2011,NetflixRating,0,0,0,16,23,11.129032258064516
4-Nov,Tower Heist,Comedy,85000000,78046570,2011,NetflixRating,0,0,0,68,49,11.129032258064516
4-Nov,A Very Harold & Kumar 3D Christmas,Comedy,20000000,35061031,2011,NetflixRating,0,0,0,69,59,11.129032258064516
11-Nov,Immortals,Action,75000000,83504017,2011,NetflixRating,0,0,0,-1,0,11.35483870967742
11-Nov,Melancholia,Thriller/Suspense,9400000,3030848,2011,NetflixRating,0,0,0,78,67,11.35483870967742
18-Nov,Happy Feet Two,Adventure,135000000,64006466,2011,NetflixRating,0,0,0,46,62,11.580645161290322
18-Nov,The Twilight Saga: Breaking Dawn: Part 1,Drama,127500000,281287133,2011,NetflixRating,0,0,0,-1,91,11.580645161290322
23-Nov,Arthur Christmas,Adventure,85000000,46462469,2011,NetflixRating,0,0,0,91,77,11.741935483870968
23-Nov,A Dangerous Method,Drama,20000000,5702083,2011,NetflixRating,0,0,0,77,50,11.741935483870968
23-Nov,Hugo,Adventure,180000000,73864507,2011,NetflixRating,5,11,0,94,78,11.741935483870968
23-Nov,The Muppets,Comedy,45000000,88625922,2011,NetflixRating,1,1,0,96,80,11.741935483870968
25-Nov,The Artist,Drama,16000000,44667095,2011,NetflixRating,5,10,1,98,88,11.806451612903226
26-Nov,We Bought a Zoo,Drama,50000000,75624550,2011,NetflixRating,0,0,0,66,72,11.838709677419354
2-Dec,Coriolanus,Drama,10000000,749641,2011,NetflixRating,0,0,0,93,58,12.064516129032258
2-Dec,Shame,Drama,6500000,4002293,2011,NetflixRating,0,0,0,79,75,12.064516129032258
9-Dec,New Year's Eve,Romantic Comedy,26000000,54544638,2011,NetflixRating,0,0,0,7,46,12.290322580645162
9-Dec,Tinker Tailor Soldier Spy,Thriller/Suspense,21000000,24149393,2011,NetflixRating,0,0,0,83,65,12.290322580645162
9-Dec,Young Adult,Comedy,12000000,16311571,2011,NetflixRating,0,0,0,80,49,12.290322580645162
9-Dec,The Descendants,Comedy,20000000,177243185,2011,NetflixRating,1,5,0,89,79,12.290322580645162
16-Dec,Mission: Impossible - Ghost Protocol,Action,145000000,209397903,2011,NetflixRating,0,0,0,93,76,12.516129032258064
20-Dec,The Girl with the Dragon Tattoo,Thriller/Suspense,90000000,102515793,2011,NetflixRating,1,5,0,86,86,12.64516129032258
21-Dec,The Adventures of Tintin,Adventure,130000000,77591831,2011,NetflixRating,0,0,0,75,74,12.67741935483871
21-Dec,Albert Nobbs,Drama,7500000,3014696,2011,NetflixRating,0,0,0,55,48,12.67741935483871
21-Dec,Jin líng shí san chai,Drama,100000000,311434,2011,NetflixRating,0,0,0,NA,NA,12.67741935483871
25-Dec,The Darkest Hour,Action,34800000,21443494,2011,NetflixRating,0,0,0,12,26,12.806451612903226
25-Dec,War Horse,Drama,70000000,79883359,2011,NetflixRating,0,0,0,77,74,12.806451612903226
30-Dec,The Iron Lady,Drama,14000000,29959436,2011,NetflixRating,2,2,0,51,51,12.967741935483872
30-Dec,Jodaeiye Nader az Simin,Drama,800000,7098492,2011,NetflixRating,0,0,0,99,92,12.967741935483872
8-Jan,Daybreakers,Horror,20000000,30101577,2010,NetflixRating,0,0,0,67,49,1.2580645161290323
8-Jan,Leap Year,Romantic Comedy,19000000,25918920,2010,NetflixRating,0,0,0,-1,100,1.2580645161290323
8-Jan,Youth in Revolt,Comedy,18000000,15285588,2010,NetflixRating,0,0,0,66,52,1.2580645161290323
15-Jan,The Book of Eli,Action,80000000,94835059,2010,NetflixRating,0,0,0,48,64,1.4838709677419355
15-Jan,Fish Tank,,3000000,374675,2010,NetflixRating,0,0,0,90,79,1.4838709677419355
15-Jan,The Last Station,Drama,18000000,6617867,2010,NetflixRating,0,0,0,71,67,1.4838709677419355
15-Jan,The Spy Next Door,Comedy,28000000,24307106,2010,NetflixRating,0,0,0,12,40,1.4838709677419355
21-Jan,Biutiful,Drama,35000000,5101237,2010,NetflixRating,0,0,0,65,75,1.6774193548387095
22-Jan,Extraordinary Measures,Drama,31000000,12482741,2010,NetflixRating,0,0,0,28,54,1.7096774193548387
22-Jan,La fille du RER,,9000000,208163,2010,NetflixRating,0,0,0,79,40,1.7096774193548387
22-Jan,Legion,Thriller/Suspense,26000000,40168080,2010,NetflixRating,0,0,0,20,31,1.7096774193548387
22-Jan,To Save a Life,Drama,500000,3777210,2010,NetflixRating,0,0,0,33,83,1.7096774193548387
22-Jan,The Tooth Fairy,Comedy,48000000,60022256,2010,NetflixRating,0,0,0,18,42,1.7096774193548387
29-Jan,Edge of Darkness,Drama,60000000,43313890,2010,NetflixRating,0,0,0,56,49,1.935483870967742
29-Jan,Saint John of Las Vegas,,2000000,102645,2010,NetflixRating,0,0,0,23,27,1.935483870967742
3-Feb,Ajami,Drama,1000000,621859,2010,NetflixRating,0,0,0,97,81,2.096774193548387
5-Feb,Dear John,Drama,25000000,80014842,2010,NetflixRating,0,0,0,28,55,2.161290322580645
5-Feb,From Paris With Love,Thriller/Suspense,52000000,24077427,2010,NetflixRating,0,0,0,37,54,2.161290322580645
5-Feb,The Red Riding Trilogy: 1974,Drama,9000000,148826,2010,NetflixRating,0,0,0,NA,NA,2.161290322580645
12-Feb,My Name is Khan,Drama,8470000,4046336,2010,NetflixRating,0,0,0,80,82,2.3870967741935485
12-Feb,Percy Jackson & the Olympians: The Lightning Thief,Adventure,95000000,88768303,2010,NetflixRating,0,0,0,49,54,2.3870967741935485
12-Feb,Valentine's Day,Romantic Comedy,52000000,110485654,2010,NetflixRating,0,0,0,18,48,2.3870967741935485
12-Feb,The Wolfman,Horror,150000000,62189884,2010,NetflixRating,0,0,0,34,33,2.3870967741935485
19-Feb,Blood Done Sign My Name,Drama,10000000,109383,2010,NetflixRating,0,0,0,50,62,2.6129032258064515
19-Feb,The Ghost Writer,Thriller/Suspense,45000000,15541549,2010,NetflixRating,0,0,0,83,70,2.6129032258064515
19-Feb,The Good Guy,Romantic Comedy,10000000,100688,2010,NetflixRating,0,0,0,33,31,2.6129032258064515
19-Feb,Le Petit Nicolas,Comedy,30000000,201857,2010,NetflixRating,0,0,0,60,73,2.6129032258064515
19-Feb,Shutter Island,Thriller/Suspense,80000000,128012934,2010,NetflixRating,0,0,0,69,76,2.6129032258064515
26-Feb,Cop Out,Comedy,37000000,44875481,2010,NetflixRating,0,0,0,19,40,2.838709677419355
26-Feb,The Crazies,Horror,19000000,39123589,2010,NetflixRating,0,0,0,53,44,2.838709677419355
26-Feb,Un Prophète,Drama,13000000,2087720,2010,NetflixRating,0,0,0,NA,NA,2.838709677419355
26-Feb,The Yellow Handkerchief,Drama,15500000,318623,2010,NetflixRating,0,0,0,67,59,2.838709677419355
5-Mar,Alice in Wonderland,Adventure,200000000,334191110,2010,NetflixRating,2,3,0,77,78,3.161290322580645
5-Mar,Brooklyn's Finest,Thriller/Suspense,17000000,27163593,2010,NetflixRating,0,0,0,43,46,3.161290322580645
5-Mar,The Secret of Kells,Adventure,8000000,690290,2010,NetflixRating,0,0,0,91,85,3.161290322580645
12-Mar,The Exploding Girl,Drama,40000,25572,2010,NetflixRating,0,0,0,74,54,3.3870967741935485
12-Mar,Green Zone,Drama,100000000,35497337,2010,NetflixRating,0,0,0,53,57,3.3870967741935485
12-Mar,Remember Me,Drama,16000000,19068240,2010,NetflixRating,0,0,0,-1,50,3.3870967741935485
12-Mar,She's Out of My League,Romantic Comedy,20000000,32010860,2010,NetflixRating,0,0,0,58,59,3.3870967741935485
19-Mar,The Bounty Hunter,Romantic Comedy,45000000,67061228,2010,NetflixRating,0,0,0,13,51,3.6129032258064515
19-Mar,City Island,Comedy,6000000,6671283,2010,NetflixRating,0,0,0,81,80,3.6129032258064515
19-Mar,Diary of a Wimpy Kid,Comedy,15000000,64003625,2010,NetflixRating,0,0,0,53,49,3.6129032258064515
19-Mar,Repo Men,Action,32000000,13942007,2010,NetflixRating,0,0,0,-1,0,3.6129032258064515
19-Mar,The Runaways,Drama,9500000,3573673,2010,NetflixRating,0,0,0,-1,100,3.6129032258064515
26-Mar,Ca$h,Thriller/Suspense,7000000,46488,2010,NetflixRating,0,0,0,-1,45,3.838709677419355
26-Mar,Chloe,Thriller/Suspense,13000000,3075255,2010,NetflixRating,0,0,0,51,39,3.838709677419355
26-Mar,The Eclipse,,3000000,133411,2010,NetflixRating,0,0,0,75,47,3.838709677419355
26-Mar,Hot Tub Time Machine,Comedy,36000000,50269859,2010,NetflixRating,0,0,0,63,56,3.838709677419355
26-Mar,How to Train Your Dragon,Adventure,165000000,217581231,2010,NetflixRating,0,0,0,-1,98,3.838709677419355
31-Mar,The Last Song,Drama,20000000,62950384,2010,NetflixRating,0,0,0,20,65,4.0
1-Apr,Clash of the Titans,Action,125000000,163214888,2010,NetflixRating,0,0,0,66,70,4.032258064516129
2-Apr,Breaking Upwards,,15000,115592,2010,NetflixRating,0,0,0,61,58,4.064516129032258
2-Apr,Don McKay,,6000000,13722,2010,NetflixRating,0,0,0,40,23,4.064516129032258
2-Apr,The Greatest,Drama,6000000,115862,2010,NetflixRating,0,0,0,52,54,4.064516129032258
2-Apr,Leaves of Grass,Black Comedy,9000000,70066,2010,NetflixRating,0,0,0,59,50,4.064516129032258
2-Apr,The Warlords,,40000000,129078,2010,NetflixRating,0,0,0,-1,47,4.064516129032258
2-Apr,Why Did I Get Married Too?,Drama,20000000,60095852,2010,NetflixRating,0,0,0,26,67,4.064516129032258
9-Apr,Date Night,Comedy,55000000,98711404,2010,NetflixRating,0,0,0,67,55,4.290322580645161
9-Apr,Letters to God,Drama,3000000,2848587,2010,NetflixRating,0,0,0,25,74,4.290322580645161
9-Apr,The Square,Thriller/Suspense,1900000,406216,2010,NetflixRating,0,0,0,86,69,4.290322580645161
16-Apr,The City of Your Final Destination,Drama,8300000,493296,2010,NetflixRating,0,0,0,38,38,4.516129032258064
16-Apr,Death at a Funeral,Comedy,21000000,42739347,2010,NetflixRating,0,0,0,61,79,4.516129032258064
16-Apr,The Joneses,,10000000,1475746,2010,NetflixRating,0,0,0,62,46,4.516129032258064
16-Apr,Kick-Ass,Black Comedy,28000000,48071303,2010,NetflixRating,0,0,0,77,80,4.516129032258064
16-Apr,The Perfect Game,Drama,12500000,1089445,2010,NetflixRating,0,0,0,57,68,4.516129032258064
16-Apr,El secreto de sus ojos,Thriller/Suspense,3500000,6391436,2010,NetflixRating,0,0,0,91,93,4.516129032258064
22-Apr,Oceans,Documentary,80000000,19422319,2010,NetflixRating,0,0,0,82,79,4.709677419354839
23-Apr,The Back-up Plan,Romantic Comedy,35000000,37490007,2010,NetflixRating,0,0,0,18,45,4.741935483870968
23-Apr,Joheunnom nabbeunnom isanghannom,Action,10000000,128486,2010,NetflixRating,0,0,0,84,83,4.741935483870968
23-Apr,The Losers,Action,25000000,23591432,2010,NetflixRating,0,0,0,49,54,4.741935483870968
30-Apr,Furry Vengeance,Comedy,35000000,17630465,2010,NetflixRating,0,0,0,8,31,4.967741935483871
30-Apr,The Good Heart,Drama,3800000,20930,2010,NetflixRating,0,0,0,31,59,4.967741935483871
30-Apr,Gunless,,9900000,458054,2010,NetflixRating,0,0,0,40,64,4.967741935483871
30-Apr,Harry Brown,Thriller/Suspense,7300000,1818681,2010,NetflixRating,0,0,0,64,75,4.967741935483871
30-Apr,Housefull,Romantic Comedy,10100000,1183658,2010,NetflixRating,0,0,0,-1,47,4.967741935483871
30-Apr,A Nightmare on Elm Street,Horror,35000000,63075011,2010,NetflixRating,0,0,0,15,44,4.967741935483871
30-Apr,Please Give,,3000000,4033574,2010,NetflixRating,0,0,0,87,64,4.967741935483871
7-May,Iron Man 2,Adventure,170000000,312433331,2010,NetflixRating,0,0,0,73,73,5.225806451612903
7-May,Mother and Child,,7000000,1110509,2010,NetflixRating,0,0,0,79,76,5.225806451612903
14-May,Letters to Juliet,Drama,30000000,53032453,2010,NetflixRating,0,0,0,40,62,5.451612903225806
14-May,Princess Kaiulani,Drama,9000000,883887,2010,NetflixRating,0,0,0,18,44,5.451612903225806
14-May,Robin Hood,Action,210000000,105487148,2010,NetflixRating,0,0,0,43,58,5.451612903225806
21-May,Perrier's Bounty,,6600000,828,2010,NetflixRating,0,0,0,57,47,5.67741935483871
21-May,Shrek Forever After,Adventure,165000000,238736787,2010,NetflixRating,0,0,0,58,54,5.67741935483871
21-May,Solitary Man,Drama,12500000,4360548,2010,NetflixRating,0,0,0,81,50,5.67741935483871
27-May,Sex and the City 2,Comedy,95000000,95347692,2010,NetflixRating,0,0,0,15,43,5.870967741935484
28-May,Agora,Drama,70000000,619423,2010,NetflixRating,0,0,0,53,65,5.903225806451613
28-May,George A. Romero's Survival of the Dead,Horror,4200000,101740,2010,NetflixRating,0,0,0,NA,NA,5.903225806451613
28-May,Micmacs,Comedy,42000000,1259693,2010,NetflixRating,0,0,0,74,74,5.903225806451613
28-May,Prince of Persia: Sands of Time,Action,200000000,90759676,2010,NetflixRating,0,0,0,36,58,5.903225806451613
28-May,Sea Rex 3D: Journey to a Prehistoric World,Documentary,5000000,6096582,2010,NetflixRating,0,0,0,-1,43,5.903225806451613
4-Jun,Get Him to the Greek,Comedy,40000000,61153526,2010,NetflixRating,0,0,0,73,62,6.129032258064516
4-Jun,Killers,Action,75000000,47059963,2010,NetflixRating,0,0,0,11,41,6.129032258064516
4-Jun,Marmaduke,Comedy,50000000,33644788,2010,NetflixRating,0,0,0,9,42,6.129032258064516
4-Jun,Ondine,,12000000,550472,2010,NetflixRating,0,0,0,69,60,6.129032258064516
4-Jun,Splice,Horror,30000000,17010170,2010,NetflixRating,0,0,0,74,37,6.129032258064516
11-Jun,The A-Team,Action,110000000,77222099,2010,NetflixRating,0,0,0,47,66,6.354838709677419
11-Jun,Jerusalema,,2000000,7294,2010,NetflixRating,0,0,0,75,78,6.354838709677419
11-Jun,The Karate Kid,Adventure,40000000,176591618,2010,NetflixRating,0,0,0,66,67,6.354838709677419
11-Jun,Winter's Bone,Drama,2000000,6531503,2010,NetflixRating,0,0,0,94,76,6.354838709677419
18-Jun,Cyrus,Comedy,7000000,7468936,2010,NetflixRating,0,0,0,80,54,6.580645161290323
18-Jun,I am Love,Drama,10000000,5005465,2010,NetflixRating,0,0,0,80,67,6.580645161290323
18-Jun,Jonah Hex,Action,47000000,10547117,2010,NetflixRating,0,0,0,12,20,6.580645161290323
18-Jun,The Killer Inside Me,Drama,13000000,217277,2010,NetflixRating,0,0,0,54,40,6.580645161290323
18-Jun,Toy Story 3,Adventure,200000000,415004880,2010,NetflixRating,2,5,0,99,89,6.580645161290323
23-Jun,Knight and Day,Action,117000000,76423035,2010,NetflixRating,0,0,0,53,49,6.741935483870968
25-Jun,Grown Ups,Comedy,75000000,162001186,2010,NetflixRating,0,0,0,-1,63,6.806451612903226
25-Jun,Les herbes folles,Thriller/Suspense,14000000,403952,2010,NetflixRating,0,0,0,66,38,6.806451612903226
30-Jun,The Twilight Saga: Eclipse,Drama,68000000,300531751,2010,NetflixRating,0,0,0,49,60,6.967741935483871
30-Jun,Love Ranch,Drama,25000000,137885,2010,NetflixRating,0,0,0,12,29,6.967741935483871
1-Jul,The Last Airbender,Adventure,150000000,131772187,2010,NetflixRating,0,0,0,6,31,7.032258064516129
9-Jul,Despicable Me,Comedy,69000000,251513985,2010,NetflixRating,0,0,0,74,85,7.290322580645161
9-Jul,The Kids Are All Right,Comedy,4000000,20811365,2010,NetflixRating,0,0,0,93,73,7.290322580645161
9-Jul,Predators,Action,40000000,52000688,2010,NetflixRating,0,0,0,64,51,7.290322580645161
14-Jul,The Sorcerer's Apprentice,Adventure,160000000,63150991,2010,NetflixRating,0,0,0,41,53,7.451612903225806
16-Jul,Inception,Thriller/Suspense,160000000,292576195,2010,NetflixRating,4,8,0,86,91,7.516129032258064
23-Jul,Life During Wartime,Black Comedy,4500000,281447,2010,NetflixRating,0,0,0,69,48,7.741935483870968
23-Jul,Ramona and Beezus,Comedy,15000000,26167002,2010,NetflixRating,0,0,0,70,72,7.741935483870968
23-Jul,Salt,Thriller/Suspense,130000000,118311368,2010,NetflixRating,0,0,0,62,60,7.741935483870968
30-Jul,Cats & Dogs: The Revenge of Kitty Galore,Comedy,85000000,45539292,2010,NetflixRating,0,0,0,14,38,7.967741935483871
30-Jul,Charlie St. Cloud,Drama,44000000,31206263,2010,NetflixRating,0,0,0,27,61,7.967741935483871
30-Jul,Dinner for Schmucks,Comedy,69000000,73026337,2010,NetflixRating,0,0,0,42,43,7.967741935483871
30-Jul,The Extra Man,,7000000,453377,2010,NetflixRating,0,0,0,43,38,7.967741935483871
30-Jul,Get Low,,7000000,9176933,2010,NetflixRating,0,0,0,84,75,7.967741935483871
6-Aug,Flipped,Romantic Comedy,14000000,1755212,2010,NetflixRating,0,0,0,55,78,8.193548387096774
6-Aug,The Other Guys,Comedy,100000000,119219978,2010,NetflixRating,0,0,0,79,59,8.193548387096774
6-Aug,The Oxford Murders,Thriller/Suspense,10000000,4803,2010,NetflixRating,0,0,0,10,33,8.193548387096774
6-Aug,Step Up 3D,Drama,30000000,42400223,2010,NetflixRating,0,0,0,19,83,8.193548387096774
13-Aug,Animal Kingdom,Drama,4200000,1044039,2010,NetflixRating,0,0,0,-1,0,8.419354838709678
13-Aug,Eat Pray Love,Drama,60000000,80574010,2010,NetflixRating,0,0,0,36,42,8.419354838709678
13-Aug,The Expendables,Action,82000000,103068524,2010,NetflixRating,0,0,0,65,67,8.419354838709678
13-Aug,Scott Pilgrim vs. The World,Comedy,85000000,31611316,2010,NetflixRating,0,0,0,82,83,8.419354838709678
18-Aug,Vampires Suck,Comedy,20000000,36661504,2010,NetflixRating,0,0,0,5,30,8.580645161290322
20-Aug,Lottery Ticket,Comedy,17000000,24719879,2010,NetflixRating,0,0,0,34,44,8.64516129032258
20-Aug,Mao's Last Dancer,Drama,18000000,4806750,2010,NetflixRating,0,0,0,55,77,8.64516129032258
20-Aug,Nanny McPhee and the Big Bang,Adventure,35000000,29197642,2010,NetflixRating,0,0,0,NA,NA,8.64516129032258
20-Aug,Piranha 3D,Horror,24000000,25003155,2010,NetflixRating,0,0,0,72,42,8.64516129032258
20-Aug,The Switch,Romantic Comedy,19000000,27758465,2010,NetflixRating,0,0,0,51,45,8.64516129032258
27-Aug,Centurion,Action,15000000,123570,2010,NetflixRating,0,0,0,59,43,8.870967741935484
27-Aug,The Last Exorcism,Horror,1800000,41034350,2010,NetflixRating,0,0,0,72,34,8.870967741935484
27-Aug,Takers,Drama,32000000,57744720,2010,NetflixRating,0,0,0,28,62,8.870967741935484
1-Sep,My Dog Tulip,Drama,350000,246574,2010,NetflixRating,0,0,0,91,70,9.03225806451613
3-Sep,16 to Life,Romantic Comedy,1000000,11574,2010,NetflixRating,0,0,0,-1,61,9.096774193548388
3-Sep,Going the Distance,Romantic Comedy,32000000,17804299,2010,NetflixRating,0,0,0,53,53,9.096774193548388
3-Sep,Machete,Action,12500000,26593646,2010,NetflixRating,0,0,0,72,64,9.096774193548388
3-Sep,San qiang pai an jing qi,Drama,12000000,190946,2010,NetflixRating,0,0,0,32,39,9.096774193548388
10-Sep,Bran Nue Dae,Musical,6750000,113568,2010,NetflixRating,0,0,0,57,53,9.32258064516129
10-Sep,Resident Evil: Afterlife 3D,Horror,57500000,60128566,2010,NetflixRating,0,0,0,23,49,9.32258064516129
15-Sep,Never Let Me Go,Drama,15000000,2434652,2010,NetflixRating,0,0,0,70,71,9.483870967741936
17-Sep,Alpha and Omega 3D,Adventure,20000000,25107267,2010,NetflixRating,0,0,0,16,41,9.548387096774194
17-Sep,Devil,Thriller/Suspense,10000000,33679655,2010,NetflixRating,0,0,0,52,44,9.548387096774194
17-Sep,Easy A,Comedy,8000000,58401464,2010,NetflixRating,0,0,0,85,77,9.548387096774194
17-Sep,The Town,Drama,37000000,92186262,2010,NetflixRating,0,0,0,94,84,9.548387096774194
22-Sep,You Will Meet a Tall Dark Stranger,Drama,15000000,3247816,2010,NetflixRating,0,0,0,46,34,9.709677419354838
24-Sep,Enter the Void,Drama,16000000,337997,2010,NetflixRating,0,0,0,73,71,9.774193548387096
24-Sep,Legend of the Guardians: The Owls of Ga'Hoole 3D,Adventure,100000000,55675313,2010,NetflixRating,0,0,0,50,64,9.774193548387096
24-Sep,The Virginity Hit,Comedy,2000000,636706,2010,NetflixRating,0,0,0,29,32,9.774193548387096
24-Sep,Wall Street 2: Money Never Sleeps,Drama,70000000,52474616,2010,NetflixRating,0,0,0,NA,NA,9.774193548387096
24-Sep,You Again,Comedy,20000000,25702053,2010,NetflixRating,0,0,0,17,43,9.774193548387096
1-Oct,Case 39,Horror,27000000,13261851,2010,NetflixRating,0,0,0,22,40,10.03225806451613
1-Oct,Chain Letter,Horror,3000000,205842,2010,NetflixRating,0,0,0,23,18,10.03225806451613
1-Oct,Freakonomics,Documentary,2900000,101270,2010,NetflixRating,0,0,0,65,51,10.03225806451613
1-Oct,Let Me In,Thriller/Suspense,20000000,12134935,2010,NetflixRating,0,0,0,88,76,10.03225806451613
1-Oct,The Social Network,Drama,40000000,96962694,2010,NetflixRating,3,8,0,96,86,10.03225806451613
8-Oct,I Spit on Your Grave,Horror,1750000,93051,2010,NetflixRating,0,0,0,34,48,10.258064516129032
8-Oct,Inside Job,Documentary,2000000,4311834,2010,NetflixRating,1,1,0,98,91,10.258064516129032
8-Oct,It's Kind of a Funny Story,Comedy,8000000,6363628,2010,NetflixRating,0,0,0,59,66,10.258064516129032
8-Oct,Life as We Know It,Romantic Comedy,38000000,53374681,2010,NetflixRating,0,0,0,28,61,10.258064516129032
8-Oct,My Soul to Take,Horror,25000000,14744435,2010,NetflixRating,0,0,0,9,27,10.258064516129032
8-Oct,Nowhere Boy,Drama,1900000,1445366,2010,NetflixRating,0,0,0,79,74,10.258064516129032
8-Oct,Secretariat,Drama,35000000,59699513,2010,NetflixRating,0,0,0,64,76,10.258064516129032
8-Oct,Stone,Drama,22000000,1810078,2010,NetflixRating,0,0,0,51,21,10.258064516129032
15-Oct,Carlos,Drama,18000000,145526,2010,NetflixRating,0,0,0,94,85,10.483870967741936
15-Oct,Conviction,Drama,12500000,6797696,2010,NetflixRating,0,0,0,-1,62,10.483870967741936
15-Oct,Down Terrace,Black Comedy,30000,9812,2010,NetflixRating,0,0,0,85,61,10.483870967741936
15-Oct,Hereafter,Thriller/Suspense,50000000,32746941,2010,NetflixRating,0,0,0,46,38,10.483870967741936
15-Oct,I Want Your Money,Documentary,400000,433588,2010,NetflixRating,0,0,0,0,67,10.483870967741936
15-Oct,Jackass 3D,Comedy,20000000,117229692,2010,NetflixRating,0,0,0,63,81,10.483870967741936
15-Oct,N-Secure,Thriller/Suspense,1600000,2595644,2010,NetflixRating,0,0,0,-1,47,10.483870967741936
15-Oct,Red,Action,60000000,90380162,2010,NetflixRating,0,0,0,71,72,10.483870967741936
20-Oct,Paranormal Activity 2,Horror,3000000,84752907,2010,NetflixRating,0,0,0,58,49,10.64516129032258
29-Oct,Monsters,Drama,500000,237301,2010,NetflixRating,0,0,0,71,52,10.935483870967742
29-Oct,Welcome to the Rileys,Drama,10000000,152857,2010,NetflixRating,0,0,0,55,58,10.935483870967742
29-Oct,Wild Target,Comedy,8000000,109338,2010,NetflixRating,0,0,0,32,56,10.935483870967742
5-Nov,127 Hours,Drama,18000000,18335230,2010,NetflixRating,0,0,0,93,85,11.161290322580646
5-Nov,Due Date,Comedy,65000000,100539043,2010,NetflixRating,0,0,0,40,52,11.161290322580646
5-Nov,For Colored Girls,Drama,21000000,37729698,2010,NetflixRating,0,0,0,32,73,11.161290322580646
5-Nov,Megamind,Adventure,130000000,148415853,2010,NetflixRating,0,0,0,73,71,11.161290322580646
10-Nov,Morning Glory,Comedy,40000000,31011732,2010,NetflixRating,0,0,0,55,51,11.32258064516129
12-Nov,Skyline,Thriller/Suspense,10000000,21416355,2010,NetflixRating,0,0,0,15,18,11.387096774193548
12-Nov,Tiny Furniture,Comedy,50000,391674,2010,NetflixRating,0,0,0,77,56,11.387096774193548
12-Nov,Unstoppable,Action,95000000,81562942,2010,NetflixRating,0,0,0,86,73,11.387096774193548
19-Nov,Harry Potter and the Deathly Hallows: Part I,Adventure,125000000,295983305,2010,NetflixRating,0,0,0,NA,NA,11.612903225806452
19-Nov,Made in Dagenham,Drama,8000000,1095369,2010,NetflixRating,0,0,0,80,75,11.612903225806452
19-Nov,The Next Three Days,Thriller/Suspense,30000000,21148651,2010,NetflixRating,0,0,0,52,66,11.612903225806452
24-Nov,Burlesque,Drama,55000000,39440655,2010,NetflixRating,0,0,0,37,64,11.774193548387096
24-Nov,Faster,Action,12000000,23240020,2010,NetflixRating,0,0,0,43,49,11.774193548387096
24-Nov,Love and Other Drugs,Drama,30000000,32367005,2010,NetflixRating,0,0,0,49,53,11.774193548387096
24-Nov,The Nutcracker in 3D,Musical,90000000,195459,2010,NetflixRating,0,0,0,-1,0,11.774193548387096
24-Nov,Tangled,Adventure,260000000,200821936,2010,NetflixRating,0,0,0,89,87,11.774193548387096
26-Nov,The King's Speech,Drama,15000000,138797449,2010,NetflixRating,4,12,1,94,92,11.838709677419354
3-Dec,All Good Things,Drama,20000000,582024,2010,NetflixRating,0,0,0,32,38,12.096774193548388
3-Dec,Black Swan,Thriller/Suspense,13000000,106954678,2010,NetflixRating,1,5,0,87,84,12.096774193548388
3-Dec,I Love You: Phillip Morris,Comedy,13000000,2037459,2010,NetflixRating,0,0,0,72,61,12.096774193548388
3-Dec,The Warrior's Way,Western,42000000,5666340,2010,NetflixRating,0,0,0,29,47,12.096774193548388
10-Dec,The Chronicles of Narnia: The Voyage of the Dawn Treader,Adventure,155000000,104386950,2010,NetflixRating,0,0,0,49,59,12.32258064516129
10-Dec,The Fighter,Drama,11000000,93617009,2010,NetflixRating,2,7,0,91,89,12.32258064516129
10-Dec,The Tempest,Drama,20000000,277943,2010,NetflixRating,0,0,0,30,27,12.32258064516129
10-Dec,The Tourist,Thriller/Suspense,100000000,67631157,2010,NetflixRating,0,0,0,20,42,12.32258064516129
17-Dec,Barney's Version,Drama,30000000,7502560,2010,NetflixRating,0,0,0,80,79,12.548387096774194
17-Dec,Casino Jack,Thriller/Suspense,12500000,2039869,2010,NetflixRating,0,0,0,38,35,12.548387096774194
17-Dec,How Do You Know?,Romantic Comedy,120000000,30212620,2010,NetflixRating,0,0,0,32,25,12.548387096774194
17-Dec,Rabbit Hole,Drama,5000000,2229058,2010,NetflixRating,0,0,0,86,72,12.548387096774194
17-Dec,Tron: Legacy,Adventure,200000000,172062763,2010,NetflixRating,0,0,0,51,63,12.548387096774194
17-Dec,Yogi Bear 3D,Adventure,80000000,100246011,2010,NetflixRating,0,0,0,13,34,12.548387096774194
22-Dec,Country Strong,Drama,15000000,20218921,2010,NetflixRating,0,0,0,22,53,12.709677419354838
22-Dec,Little Fockers,Comedy,100000000,148438600,2010,NetflixRating,0,0,0,10,35,12.709677419354838
22-Dec,Somewhere,Drama,7000000,1785645,2010,NetflixRating,0,0,0,71,47,12.709677419354838
22-Dec,True Grit,Western,35000000,171243005,2010,NetflixRating,0,0,0,96,85,12.709677419354838
25-Dec,Gulliver's Travels,Comedy,112000000,42779261,2010,NetflixRating,0,0,0,21,27,12.806451612903226
25-Dec,L'illusionniste,Adventure,17000000,2231474,2010,NetflixRating,0,0,0,90,79,12.806451612903226
29-Dec,Another Year,Drama,8000000,3205706,2010,NetflixRating,0,0,0,93,74,12.935483870967742
29-Dec,Blue Valentine,Drama,1000000,9737892,2010,NetflixRating,0,0,0,87,77,12.935483870967742
9-Jan,Bride Wars,Comedy,30000000,58715510,2009,NetflixRating,0,0,0,10,52,1.2903225806451613
9-Jan,Not Easily Broken,Drama,5000000,10572742,2009,NetflixRating,0,0,0,33,67,1.2903225806451613
9-Jan,The Unborn,Horror,16000000,42670410,2009,NetflixRating,0,0,0,11,30,1.2903225806451613
16-Jan,Hotel for Dogs,Comedy,75000000,73034460,2009,NetflixRating,0,0,0,45,56,1.5161290322580645
16-Jan,My Bloody Valentine,Horror,14000000,51545952,2009,NetflixRating,0,0,0,40,51,1.5161290322580645
16-Jan,Notorious,Drama,19000000,36843682,2009,NetflixRating,0,0,0,51,66,1.5161290322580645
16-Jan,Paul Blart: Mall Cop,Comedy,26000000,146336178,2009,NetflixRating,0,0,0,33,43,1.5161290322580645
23-Jan,Donkey Punch,Thriller/Suspense,750000,19367,2009,NetflixRating,0,0,0,49,24,1.7419354838709677
23-Jan,Inkheart,Adventure,60000000,17303424,2009,NetflixRating,0,0,0,39,45,1.7419354838709677
23-Jan,Outlander,Adventure,50000000,166003,2009,NetflixRating,0,0,0,37,44,1.7419354838709677
30-Jan,Entre les murs,Drama,3250000,3766810,2009,NetflixRating,0,0,0,NA,NA,1.967741935483871
30-Jan,New in Town,Romantic Comedy,8000000,16734283,2009,NetflixRating,0,0,0,29,37,1.967741935483871
30-Jan,Taken,Thriller/Suspense,25000000,145000989,2009,NetflixRating,0,0,0,58,85,1.967741935483871
6-Feb,Coraline,Adventure,60000000,75286229,2009,NetflixRating,0,0,0,90,72,2.193548387096774
6-Feb,He's Just Not That Into You,Romantic Comedy,40000000,93953653,2009,NetflixRating,0,0,0,40,60,2.193548387096774
6-Feb,Push,Thriller/Suspense,38000000,31811527,2009,NetflixRating,0,0,0,23,42,2.193548387096774
13-Feb,Friday the 13th,Horror,17000000,65002019,2009,NetflixRating,0,0,0,25,46,2.4193548387096775
13-Feb,The International,Thriller/Suspense,50000000,25450527,2009,NetflixRating,0,0,0,59,37,2.4193548387096775
13-Feb,Two Lovers,Drama,12000000,3149034,2009,NetflixRating,0,0,0,82,58,2.4193548387096775
20-Feb,Fired Up,Comedy,20000000,17231291,2009,NetflixRating,0,0,0,23,52,2.6451612903225805
20-Feb,Madea Goes To Jail,Comedy,17500000,90508336,2009,NetflixRating,0,0,0,30,70,2.6451612903225805
6-Mar,Watchmen,Action,138000000,107509799,2009,NetflixRating,0,0,0,65,70,3.193548387096774
13-Mar,Sunshine Cleaning,Comedy,5000000,12062558,2009,NetflixRating,0,0,0,72,62,3.4193548387096775
20-Mar,I Love You: Man,Comedy,40000000,71440011,2009,NetflixRating,0,0,0,84,74,3.6451612903225805
20-Mar,Knowing,Thriller/Suspense,50000000,79957634,2009,NetflixRating,0,0,0,33,42,3.6451612903225805
20-Mar,Super Capers,Comedy,2000000,30955,2009,NetflixRating,0,0,0,0,13,3.6451612903225805
27-Mar,12 Rounds,Action,20000000,12234694,2009,NetflixRating,0,0,0,29,46,3.870967741935484
27-Mar,Monsters vs. Aliens,Adventure,175000000,198351526,2009,NetflixRating,0,0,0,72,59,3.870967741935484
3-Apr,Adventureland,Black Comedy,9800000,16044025,2009,NetflixRating,0,0,0,89,60,4.096774193548387
3-Apr,Fast & Furious,Action,85000000,155064265,2009,NetflixRating,0,0,0,68,84,4.096774193548387
8-Apr,Dragonball Evolution,Adventure,30000000,9362785,2009,NetflixRating,0,0,0,14,20,4.258064516129032
10-Apr,Hannah Montana the Movie,Drama,30000000,79576189,2009,NetflixRating,0,0,0,45,67,4.32258064516129
17-Apr,Crank 2: High Voltage,Thriller/Suspense,20000000,13684249,2009,NetflixRating,0,0,0,63,49,4.548387096774194
17-Apr,17 Again,Comedy,40000000,64167069,2009,NetflixRating,0,0,0,55,67,4.548387096774194
17-Apr,Sleep Dealer,Thriller/Suspense,2500000,80136,2009,NetflixRating,0,0,0,66,50,4.548387096774194
17-Apr,State of Play,Thriller/Suspense,60000000,37017955,2009,NetflixRating,0,0,0,84,73,4.548387096774194
22-Apr,earth,Documentary,15000000,32011576,2009,NetflixRating,0,0,0,83,85,4.709677419354839
24-Apr,The Informers,Thriller/Suspense,18000000,315000,2009,NetflixRating,0,0,0,13,17,4.774193548387097
24-Apr,The Soloist,Drama,60000000,31720158,2009,NetflixRating,0,0,0,56,57,4.774193548387097
1-May,X-Men Origins: Wolverine,Action,150000000,179883157,2009,NetflixRating,0,0,0,38,60,5.032258064516129
8-May,Adoration,Drama,4000000,294244,2009,NetflixRating,0,0,0,61,50,5.258064516129032
8-May,Julia,,6000000,65108,2009,NetflixRating,0,0,0,75,66,5.258064516129032
8-May,Next Day Air,Comedy,3000000,10027047,2009,NetflixRating,0,0,0,21,31,5.258064516129032
8-May,Star Trek,Adventure,140000000,257730019,2009,NetflixRating,1,4,0,95,91,5.258064516129032
15-May,Angels & Demons,Thriller/Suspense,150000000,133375846,2009,NetflixRating,0,0,0,37,57,5.483870967741936
15-May,The Brothers Bloom,Black Comedy,20000000,3531756,2009,NetflixRating,0,0,0,66,64,5.483870967741936
21-May,Terminator Salvation: The Future Begins,Action,200000000,125322469,2009,NetflixRating,0,0,0,NA,NA,5.67741935483871
22-May,Dance Flick,Comedy,25000000,25662155,2009,NetflixRating,0,0,0,18,30,5.709677419354839
22-May,Easy Virtue,Romantic Comedy,14000000,2656784,2009,NetflixRating,0,0,0,52,47,5.709677419354839
22-May,The Girlfriend Experience,,1300000,695840,2009,NetflixRating,0,0,0,64,35,5.709677419354839
22-May,Night at the Museum: Battle of the Smithsonian,Comedy,150000000,177243721,2009,NetflixRating,0,0,0,44,47,5.709677419354839
29-May,Drag Me To Hell,Horror,30000000,42100625,2009,NetflixRating,0,0,0,92,62,5.935483870967742
29-May,Män som hatar kvinnor,Thriller/Suspense,13000000,12749992,2009,NetflixRating,0,0,0,NA,NA,5.935483870967742
29-May,Pontypool,Thriller/Suspense,1500000,3865,2009,NetflixRating,0,0,0,82,69,5.935483870967742
29-May,Up,Adventure,175000000,293004164,2009,NetflixRating,2,5,0,98,90,5.935483870967742
5-Jun,Away We Go,Comedy,21000000,9451946,2009,NetflixRating,0,0,0,67,74,6.161290322580645
5-Jun,The Hangover,Comedy,35000000,277322503,2009,NetflixRating,0,0,0,79,84,6.161290322580645
5-Jun,Land of the Lost,Comedy,100000000,49438370,2009,NetflixRating,0,0,0,26,32,6.161290322580645
12-Jun,Imagine That,Comedy,55000000,16123323,2009,NetflixRating,0,0,0,40,41,6.387096774193548
12-Jun,Moon,Thriller/Suspense,5000000,5010163,2009,NetflixRating,0,0,0,89,89,6.387096774193548
12-Jun,The Taking of Pelham 123,Action,110000000,65452312,2009,NetflixRating,0,0,0,51,52,6.387096774193548
19-Jun,Dead Snow,,800000,46742,2009,NetflixRating,0,0,0,66,56,6.612903225806452
19-Jun,The Proposal,Romantic Comedy,40000000,163958031,2009,NetflixRating,0,0,0,44,68,6.612903225806452
19-Jun,Whatever Works,Romantic Comedy,15000000,5306706,2009,NetflixRating,0,0,0,49,62,6.612903225806452
19-Jun,Year One,Comedy,60000000,43337279,2009,NetflixRating,0,0,0,14,23,6.612903225806452
24-Jun,Transformers: Revenge of the Fallen,Action,210000000,402111870,2009,NetflixRating,0,0,0,20,58,6.774193548387097
26-Jun,Cheri,Drama,23000000,2715657,2009,NetflixRating,0,0,0,50,39,6.838709677419355
26-Jun,The Hurt Locker,Drama,15000000,17017811,2009,NetflixRating,6,9,1,97,84,6.838709677419355
26-Jun,My Sister's Keeper,Drama,27500000,49200230,2009,NetflixRating,0,0,0,48,73,6.838709677419355
26-Jun,Surveillance,Thriller/Suspense,3500000,27349,2009,NetflixRating,0,0,0,55,43,6.838709677419355
1-Jul,Ice Age: Dawn of the Dinosaurs,Adventure,90000000,196573705,2009,NetflixRating,0,0,0,45,63,7.032258064516129
1-Jul,Public Enemies,Drama,102500000,97104620,2009,NetflixRating,0,0,0,68,59,7.032258064516129
10-Jul,Brüno,Comedy,42000000,60054530,2009,NetflixRating,0,0,0,NA,NA,7.32258064516129
10-Jul,I Love You: Beth Cooper,Comedy,18000000,14800725,2009,NetflixRating,0,0,0,14,32,7.32258064516129
15-Jul,Harry Potter and the Half-Blood Prince,Adventure,250000000,301959197,2009,NetflixRating,0,0,0,84,77,7.483870967741936
17-Jul,(500) Days of Summer,Romantic Comedy,7500000,32391374,2009,NetflixRating,0,0,0,86,84,7.548387096774194
24-Jul,G-Force,Adventure,150000000,119436770,2009,NetflixRating,0,0,0,22,40,7.774193548387097
24-Jul,The Ugly Truth,Romantic Comedy,38000000,88915214,2009,NetflixRating,0,0,0,13,60,7.774193548387097
29-Jul,Adam,Drama,3200000,2277396,2009,NetflixRating,0,0,0,64,72,7.935483870967742
31-Jul,Aliens in the Attic,Adventure,45000000,25200412,2009,NetflixRating,0,0,0,31,44,8.0
31-Jul,Flammen og Citronen,Thriller/Suspense,9000000,148089,2009,NetflixRating,0,0,0,-1,77,8.0
31-Jul,Funny People,Comedy,72500000,51855045,2009,NetflixRating,0,0,0,68,48,8.0
7-Aug,G.I. Joe: The Rise of Cobra,Action,175000000,150201498,2009,NetflixRating,0,0,0,35,50,8.225806451612904
7-Aug,Julie & Julia,Comedy,40000000,94125426,2009,NetflixRating,0,0,0,75,70,8.225806451612904
7-Aug,A Perfect Getaway,Thriller/Suspense,14000000,15515460,2009,NetflixRating,0,0,0,60,52,8.225806451612904
14-Aug,Bandslam,Comedy,20000000,5210988,2009,NetflixRating,0,0,0,81,64,8.451612903225806
14-Aug,District 9,Thriller/Suspense,30000000,115646235,2009,NetflixRating,0,0,0,90,82,8.451612903225806
14-Aug,Gake no ue no Ponyo,Adventure,34000000,15090399,2009,NetflixRating,0,0,0,92,83,8.451612903225806
14-Aug,The Goods: Live Hard: Sell Hard,Comedy,10000000,15122676,2009,NetflixRating,0,0,0,27,37,8.451612903225806
14-Aug,The Time Traveler's Wife,Drama,39000000,63414846,2009,NetflixRating,0,0,0,37,60,8.451612903225806
20-Aug,Inglourious Basterds,Action,70000000,120831050,2009,NetflixRating,1,8,0,89,87,8.64516129032258
21-Aug,Der Baader Meinhof Komplex,Action,19700000,476270,2009,NetflixRating,0,0,0,85,80,8.67741935483871
21-Aug,World's Greatest Dad,Black Comedy,10000000,221805,2009,NetflixRating,0,0,0,89,66,8.67741935483871
26-Aug,Taking Woodstock,Drama,29000000,7460204,2009,NetflixRating,0,0,0,48,47,8.838709677419354
28-Aug,The Final Destination,Horror,40000000,66477700,2009,NetflixRating,0,0,0,29,36,8.903225806451612
28-Aug,Halloween 2,Horror,15000000,33392973,2009,NetflixRating,0,0,0,20,45,8.903225806451612
28-Aug,The Open Road,Drama,10000000,19716,2009,NetflixRating,0,0,0,29,25,8.903225806451612
4-Sep,All About Steve,Romantic Comedy,15000000,33862903,2009,NetflixRating,0,0,0,7,30,9.129032258064516
4-Sep,Extract,Comedy,7500000,10823158,2009,NetflixRating,0,0,0,63,38,9.129032258064516
4-Sep,Gamer,Action,50000000,20534907,2009,NetflixRating,0,0,0,29,39,9.129032258064516
9-Sep,9,Adventure,30000000,31749894,2009,NetflixRating,0,0,0,37,37,9.290322580645162
11-Sep,The Horse Boy,Documentary,160000,156612,2009,NetflixRating,0,0,0,76,74,9.35483870967742
11-Sep,I Can Do Bad All By Myself,Comedy,19000000,51733921,2009,NetflixRating,0,0,0,63,81,9.35483870967742
11-Sep,Sorority Row,Horror,12500000,11965282,2009,NetflixRating,0,0,0,22,32,9.35483870967742
11-Sep,Whiteout,Thriller/Suspense,35000000,10275638,2009,NetflixRating,0,0,0,7,21,9.35483870967742
17-Sep,Bright Star,Drama,8500000,4444637,2009,NetflixRating,0,0,0,83,69,9.548387096774194
18-Sep,Cloudy with a Chance of Meatballs,Comedy,100000000,124870275,2009,NetflixRating,0,0,0,-1,67,9.580645161290322
18-Sep,The Informant,Thriller/Suspense,22000000,33316821,2009,NetflixRating,0,0,0,-1,75,9.580645161290322
18-Sep,Jennifer's Body,Thriller/Suspense,16000000,16204793,2009,NetflixRating,0,0,0,42,34,9.580645161290322
18-Sep,Love Happens,Drama,18000000,22965110,2009,NetflixRating,0,0,0,16,37,9.580645161290322
23-Sep,Capitalism: A Love Story,Documentary,20000000,14363397,2009,NetflixRating,0,0,0,75,74,9.741935483870968
25-Sep,Coco avant Chanel,Drama,23000000,6113834,2009,NetflixRating,0,0,0,NA,NA,9.806451612903226
25-Sep,Fame,Musical,18000000,22455510,2009,NetflixRating,0,0,0,25,36,9.806451612903226
25-Sep,I Hope They Serve Beer in Hell,Comedy,7000000,1429299,2009,NetflixRating,0,0,0,20,42,9.806451612903226
25-Sep,Pandorum,Horror,40000000,10330853,2009,NetflixRating,0,0,0,28,48,9.806451612903226
25-Sep,Paranormal Activity,Horror,450000,107918810,2009,NetflixRating,0,0,0,83,56,9.806451612903226
25-Sep,Surrogates,Action,80000000,38577772,2009,NetflixRating,0,0,0,39,38,9.806451612903226
2-Oct,The Invention of Lying,Comedy,18500000,18451251,2009,NetflixRating,0,0,0,58,39,10.064516129032258
2-Oct,A Serious Man,Comedy,7000000,9228788,2009,NetflixRating,0,0,0,89,67,10.064516129032258
2-Oct,Whip It,Comedy,15000000,13043363,2009,NetflixRating,0,0,0,84,74,10.064516129032258
2-Oct,Zombieland,Comedy,23600000,75590286,2009,NetflixRating,0,0,0,90,86,10.064516129032258
9-Oct,Couples Retreat,Comedy,60000000,109205660,2009,NetflixRating,0,0,0,11,40,10.290322580645162
9-Oct,The Damned United,Drama,6400000,449865,2009,NetflixRating,0,0,0,94,85,10.290322580645162
9-Oct,An Education,Drama,7500000,12574914,2009,NetflixRating,0,0,0,94,80,10.290322580645162
9-Oct,Free Style,,10000000,141108,2009,NetflixRating,0,0,0,29,54,10.290322580645162
9-Oct,St. Trinian's,Comedy,11400000,15000,2009,NetflixRating,0,0,0,10,45,10.290322580645162
9-Oct,Trucker,Drama,1500000,52429,2009,NetflixRating,0,0,0,58,58,10.290322580645162
16-Oct,Janky Promoters,Comedy,10000000,9069,2009,NetflixRating,0,0,0,-1,46,10.516129032258064
16-Oct,Law Abiding Citizen,Thriller/Suspense,53000000,73357727,2009,NetflixRating,0,0,0,25,75,10.516129032258064
16-Oct,The Stepfather,Thriller/Suspense,20000000,29062561,2009,NetflixRating,0,0,0,11,35,10.516129032258064
16-Oct,Where the Wild Things Are,Adventure,100000000,77233467,2009,NetflixRating,0,0,0,73,57,10.516129032258064
23-Oct,Amelia,Drama,40000000,14279575,2009,NetflixRating,0,0,0,20,31,10.741935483870968
23-Oct,Astro Boy,Adventure,65000000,19551067,2009,NetflixRating,0,0,0,49,51,10.741935483870968
23-Oct,Motherhood,Comedy,10000000,93388,2009,NetflixRating,0,0,0,19,17,10.741935483870968
23-Oct,Ong-Bak 2,Action,15000000,102458,2009,NetflixRating,0,0,0,NA,NA,10.741935483870968
23-Oct,Saw VI,Horror,11000000,27693292,2009,NetflixRating,0,0,0,37,56,10.741935483870968
23-Oct,Cirque du Freak: The Vampire's Assistant,Action,40000000,14046595,2009,NetflixRating,0,0,0,38,42,10.741935483870968
28-Oct,Michael Jackson's This Is It,Documentary,60000000,72091016,2009,NetflixRating,0,0,0,81,82,10.903225806451612
30-Oct,The Boondock Saints 2: All Saints Day,Action,8000000,10273187,2009,NetflixRating,0,0,0,23,58,10.967741935483872
30-Oct,Gentlemen Broncos,Comedy,9500000,113682,2009,NetflixRating,0,0,0,19,41,10.967741935483872
30-Oct,House of the Devil: The,Horror,1000000,101215,2009,NetflixRating,0,0,0,86,62,10.967741935483872
6-Nov,The Box,Thriller/Suspense,25000000,15051977,2009,NetflixRating,0,0,0,45,23,11.193548387096774
6-Nov,Disney's A Christmas Carol,Drama,190000000,137855863,2009,NetflixRating,0,0,0,54,58,11.193548387096774
6-Nov,The Fourth Kind,Thriller/Suspense,10000000,26218170,2009,NetflixRating,0,0,0,19,41,11.193548387096774
6-Nov,The Men Who Stare at Goats,Black Comedy,24000000,32428195,2009,NetflixRating,0,0,0,52,39,11.193548387096774
6-Nov,Precious (Based on the Novel Push by Sapphire),Drama,10000000,47566524,2009,NetflixRating,0,0,0,91,81,11.193548387096774
13-Nov,2012,Action,200000000,166112167,2009,NetflixRating,0,0,0,39,47,11.419354838709678
13-Nov,The Boat That Rocked,Comedy,50000000,8017467,2009,NetflixRating,0,0,0,61,71,11.419354838709678
13-Nov,The Fantastic Mr. Fox,Adventure,40000000,21002919,2009,NetflixRating,0,0,0,NA,NA,11.419354838709678
13-Nov,The Messenger,Drama,6500000,1109660,2009,NetflixRating,0,0,0,90,75,11.419354838709678
20-Nov,Bad Lieutenant: Port of Call New Orleans,Drama,25000000,1702112,2009,NetflixRating,0,0,0,87,57,11.64516129032258
20-Nov,The Blind Side,Drama,35000000,255959475,2009,NetflixRating,1,2,0,66,85,11.64516129032258
20-Nov,The Missing Person,,2000000,17896,2009,NetflixRating,0,0,0,64,41,11.64516129032258
20-Nov,The Twilight Saga: New Moon,Drama,50000000,296623634,2009,NetflixRating,0,0,0,28,61,11.64516129032258
20-Nov,Planet 51,Adventure,60000000,42194060,2009,NetflixRating,0,0,0,21,40,11.64516129032258
20-Nov,Red Cliff,Action,40000000,627047,2009,NetflixRating,0,0,0,89,78,11.64516129032258
25-Nov,Me and Orson Welles,Drama,25000000,1190003,2009,NetflixRating,0,0,0,85,61,11.806451612903226
25-Nov,Ninja Assassin,Action,50000000,38122883,2009,NetflixRating,0,0,0,26,54,11.806451612903226
25-Nov,Old Dogs,Comedy,35000000,49492060,2009,NetflixRating,0,0,0,5,44,11.806451612903226
25-Nov,The Princess and the Frog,Adventure,105000000,104400899,2009,NetflixRating,0,0,0,84,74,11.806451612903226
25-Nov,The Road,Drama,25000000,8114270,2009,NetflixRating,0,0,0,75,67,11.806451612903226
4-Dec,Armored,Thriller/Suspense,20000000,15988876,2009,NetflixRating,0,0,0,41,31,12.129032258064516
4-Dec,Brothers,Drama,26000000,28544157,2009,NetflixRating,0,0,0,63,62,12.129032258064516
4-Dec,Everybody's Fine,Drama,20000000,9208876,2009,NetflixRating,0,0,0,46,54,12.129032258064516
4-Dec,Paa,,4300000,199228,2009,NetflixRating,0,0,0,60,67,12.129032258064516
4-Dec,Up in the Air,Drama,30000000,83823381,2009,NetflixRating,0,0,0,91,79,12.129032258064516
11-Dec,Invictus,Drama,49000000,37491364,2009,NetflixRating,0,0,0,76,75,12.35483870967742
11-Dec,The Lovely Bones,Drama,95000000,44114232,2009,NetflixRating,0,0,0,32,52,12.35483870967742
11-Dec,Rocket Singh: Salesman of the Year,,1070000,164649,2009,NetflixRating,0,0,0,-1,65,12.35483870967742
11-Dec,A Single Man,Drama,7000000,9176000,2009,NetflixRating,0,0,0,85,81,12.35483870967742
16-Dec,Crazy Heart,Drama,8500000,39471742,2009,NetflixRating,2,3,0,91,76,12.516129032258064
18-Dec,Avatar,Action,425000000,760507625,2009,NetflixRating,3,9,0,83,82,12.580645161290322
18-Dec,Did You Hear About the Morgans?,Romantic Comedy,58000000,29580087,2009,NetflixRating,0,0,0,12,27,12.580645161290322
18-Dec,Nine,Musical,80000000,19676965,2009,NetflixRating,0,0,0,37,37,12.580645161290322
18-Dec,The Young Victoria,Drama,35000000,11001272,2009,NetflixRating,1,3,0,76,74,12.580645161290322
23-Dec,Alvin and the Chipmunks: The Squeakquel,Comedy,70000000,219614612,2009,NetflixRating,0,0,0,21,50,12.741935483870968
25-Dec,The Imaginarium of Doctor Parnassus,Adventure,30000000,7689607,2009,NetflixRating,0,0,0,64,60,12.806451612903226
25-Dec,It's Complicated,Romantic Comedy,85000000,112735375,2009,NetflixRating,0,0,0,57,60,12.806451612903226
25-Dec,Sherlock Holmes,Adventure,90000000,209028679,2009,NetflixRating,0,0,0,70,77,12.806451612903226
30-Dec,Das Weisse Band: Eine deutsche Kindergeschichte,Drama,18000000,2222862,2009,NetflixRating,0,0,0,NA,NA,12.967741935483872
11-Jan,The Pirates Who Don't Do Anything: A VeggieTales Movie,Comedy,15000000,12981269,2008,NetflixRating,0,0,0,39,62,1.3548387096774195
18-Jan,Cloverfield,Action,25000000,80048433,2008,NetflixRating,0,0,0,77,68,1.5806451612903225
18-Jan,Taxi to the Dark Side,Documentary,1000000,274661,2008,NetflixRating,0,0,0,100,88,1.5806451612903225
18-Jan,Teeth,Comedy,2000000,347578,2008,NetflixRating,0,0,0,79,45,1.5806451612903225
23-Jan,U2 3D,Concert/Performance,15000000,12898847,2008,NetflixRating,0,0,0,92,92,1.7419354838709677
25-Jan,4 luni: 3 saptamani si 2 zile,Drama,900000,1196321,2008,NetflixRating,0,0,0,NA,NA,1.8064516129032258
25-Jan,Meet the Spartans,Comedy,30000000,38233676,2008,NetflixRating,0,0,0,2,25,1.8064516129032258
25-Jan,Rambo,Action,47500000,42754105,2008,NetflixRating,0,0,0,-1,77,1.8064516129032258
25-Jan,Untraceable,Thriller/Suspense,35000000,28687835,2008,NetflixRating,0,0,0,16,52,1.8064516129032258
1-Feb,The Eye,Thriller/Suspense,12000000,31418697,2008,NetflixRating,0,0,0,22,44,2.032258064516129
1-Feb,Hannah Montana/Miley Cyrus: Best of Both Worlds Concert Tour,Concert/Performance,6500000,65281781,2008,NetflixRating,0,0,0,72,69,2.032258064516129
1-Feb,Over Her Dead Body,Comedy,10000000,7570127,2008,NetflixRating,0,0,0,15,42,2.032258064516129
1-Feb,Sukkar banat,Romantic Comedy,1600000,1060591,2008,NetflixRating,0,0,0,NA,NA,2.032258064516129
8-Feb,Fool's Gold,Adventure,72500000,70231041,2008,NetflixRating,0,0,0,11,48,2.258064516129032
8-Feb,In Bruges,Comedy,15000000,7800825,2008,NetflixRating,0,0,0,82,86,2.258064516129032
8-Feb,Welcome Home Roscoe Jenkins,Comedy,27500000,42436517,2008,NetflixRating,0,0,0,22,63,2.258064516129032
14-Feb,Definitely: Maybe,Romantic Comedy,7000000,32241649,2008,NetflixRating,0,0,0,70,71,2.4516129032258065
14-Feb,Jumper,Adventure,82500000,81168265,2008,NetflixRating,0,0,0,16,44,2.4516129032258065
14-Feb,The Spiderwick Chronicles,Adventure,92500000,71195053,2008,NetflixRating,0,0,0,80,63,2.4516129032258065
14-Feb,Step Up 2 the Streets,Drama,17500000,58017783,2008,NetflixRating,0,0,0,27,77,2.4516129032258065
15-Feb,Diary of the Dead,Horror,2750000,952620,2008,NetflixRating,0,0,0,62,41,2.4838709677419355
15-Feb,Dolphins and Whales Tribes of the Ocean 3D,Documentary,6000000,7714996,2008,NetflixRating,0,0,0,80,69,2.4838709677419355
22-Feb,Be Kind Rewind,Comedy,20000000,11175164,2008,NetflixRating,0,0,0,66,56,2.709677419354839
22-Feb,Charlie Bartlett,Comedy,12000000,3950294,2008,NetflixRating,0,0,0,56,72,2.709677419354839
22-Feb,Die Fälscher,Drama,6250000,5488570,2008,NetflixRating,0,0,0,NA,NA,2.709677419354839
22-Feb,The Signal,Horror,50000,251150,2008,NetflixRating,0,0,0,-1,95,2.709677419354839
Feb-29,The Other Boleyn Girl,Drama,40000000,26814957,2008,NetflixRating,0,0,0,42,62,2.9
7-Mar,10:000 B.C.,Adventure,105000000,94784201,2008,NetflixRating,0,0,0,8,38,3.225806451612903
7-Mar,The Bank Job,Thriller/Suspense,20000000,30060660,2008,NetflixRating,0,0,0,79,74,3.225806451612903
7-Mar,CJ7,Comedy,20000000,206678,2008,NetflixRating,0,0,0,51,53,3.225806451612903
7-Mar,Married Life,Drama,12000000,1506998,2008,NetflixRating,0,0,0,55,36,3.225806451612903
14-Mar,Doomsday,Action,33000000,11008770,2008,NetflixRating,0,0,0,49,45,3.4516129032258065
14-Mar,Horton Hears a Who,Adventure,85000000,154529439,2008,NetflixRating,0,0,0,79,73,3.4516129032258065
14-Mar,Never Back Down,Action,21000000,24850922,2008,NetflixRating,0,0,0,22,34,3.4516129032258065
21-Mar,21,Thriller/Suspense,35000000,81159365,2008,NetflixRating,0,0,0,36,66,3.6774193548387095
21-Mar,Drillbit Taylor,Comedy,40000000,32862104,2008,NetflixRating,0,0,0,25,44,3.6774193548387095
21-Mar,The Grand,Comedy,3000000,115879,2008,NetflixRating,0,0,0,40,43,3.6774193548387095
21-Mar,Meet the Browns,Comedy,20000000,41975388,2008,NetflixRating,0,0,0,32,70,3.6774193548387095
22-Mar,Run: Fatboy: Run,Comedy,10000000,6003262,2008,NetflixRating,0,0,0,47,64,3.709677419354839
28-Mar,Stop-Loss,Drama,25000000,10915744,2008,NetflixRating,0,0,0,65,26,3.903225806451613
28-Mar,Superhero Movie,Comedy,35000000,26638520,2008,NetflixRating,0,0,0,16,32,3.903225806451613
4-Apr,Leatherheads,Romantic Comedy,58000000,31373938,2008,NetflixRating,0,0,0,52,38,4.129032258064516
4-Apr,Nim's Island,Adventure,37000000,48006762,2008,NetflixRating,0,0,0,51,46,4.129032258064516
4-Apr,The Ruins,Horror,25000000,17432844,2008,NetflixRating,0,0,0,48,30,4.129032258064516
11-Apr,Prom Night,Horror,18000000,43869350,2008,NetflixRating,0,0,0,8,38,4.354838709677419
11-Apr,Street Kings,Thriller/Suspense,20000000,26415649,2008,NetflixRating,0,0,0,36,58,4.354838709677419
11-Apr,The Visitor,Comedy,4000000,9427026,2008,NetflixRating,0,0,0,89,84,4.354838709677419
18-Apr,88 Minutes,Thriller/Suspense,30000000,16930884,2008,NetflixRating,0,0,0,5,44,4.580645161290323
18-Apr,The Forbidden Kingdom,Action,55000000,52075270,2008,NetflixRating,0,0,0,64,60,4.580645161290323
18-Apr,Forgetting Sarah Marshall,Comedy,30000000,63172463,2008,NetflixRating,0,0,0,84,76,4.580645161290323
18-Apr,Life Before Her Eyes,Drama,12000000,303439,2008,NetflixRating,0,0,0,24,52,4.580645161290323
18-Apr,Pathology,Thriller/Suspense,8000000,109045,2008,NetflixRating,0,0,0,43,40,4.580645161290323
25-Apr,Baby Mama,Comedy,30000000,60494212,2008,NetflixRating,0,0,0,64,56,4.806451612903226
25-Apr,Harold & Kumar Escape from Guantanamo Bay,Comedy,12000000,38108728,2008,NetflixRating,0,0,0,53,60,4.806451612903226
25-Apr,Standard Operating Procedure,Documentary,5000000,228830,2008,NetflixRating,0,0,0,79,79,4.806451612903226
2-May,Iron Man,Action,186000000,318604126,2008,NetflixRating,0,0,0,93,91,5.064516129032258
2-May,Made of Honor,Romantic Comedy,40000000,46012734,2008,NetflixRating,0,0,0,14,55,5.064516129032258
2-May,Son of Rambow: A Home Movie,Comedy,2000000,1785505,2008,NetflixRating,0,0,0,NA,NA,5.064516129032258
3-May,What Happens in Vegas...,Romantic Comedy,35000000,80277646,2008,NetflixRating,0,0,0,27,66,5.096774193548387
9-May,Poultrygeist: Night of the Chicken Dead,Comedy,450000,13804,2008,NetflixRating,0,0,0,62,67,5.290322580645161
9-May,Speed Racer,Action,120000000,43945766,2008,NetflixRating,0,0,0,39,60,5.290322580645161
16-May,The Chronicles of Narnia: Prince Caspian,Adventure,225000000,141621490,2008,NetflixRating,0,0,0,67,73,5.516129032258064
22-May,Indiana Jones and the Kingdom of the Crystal Skull,Adventure,185000000,317023851,2008,NetflixRating,0,0,0,78,54,5.709677419354839
23-May,The Children of Huang Shi,Drama,20000000,1031872,2008,NetflixRating,0,0,0,30,66,5.741935483870968
23-May,War: Inc.,Black Comedy,10000000,580862,2008,NetflixRating,0,0,0,30,38,5.741935483870968
28-May,Savage Grace,Drama,4600000,434417,2008,NetflixRating,0,0,0,38,39,5.903225806451613
30-May,Sex and the City,Comedy,57500000,152647258,2008,NetflixRating,0,0,0,50,77,5.967741935483871
30-May,The Strangers,Thriller/Suspense,9000000,52597610,2008,NetflixRating,0,0,0,45,47,5.967741935483871
6-Jun,And When Did You Last See Your Father?,Drama,8000000,1071240,2008,NetflixRating,0,0,0,72,64,6.193548387096774
6-Jun,Kung Fu Panda,Adventure,130000000,215434591,2008,NetflixRating,0,0,0,87,82,6.193548387096774
13-Jun,Baghead,Drama,200000,140016,2008,NetflixRating,0,0,0,78,48,6.419354838709677
13-Jun,The Happening,Thriller/Suspense,60000000,64506874,2008,NetflixRating,0,0,0,17,24,6.419354838709677
13-Jun,The Incredible Hulk,Adventure,137500000,134806913,2008,NetflixRating,0,0,0,67,72,6.419354838709677
20-Jun,Kit Kittredge: An American Girl,Drama,10000000,17657973,2008,NetflixRating,0,0,0,78,69,6.645161290322581
27-Jun,WALL-E,Adventure,180000000,223808164,2008,NetflixRating,1,6,0,96,89,6.870967741935484
27-Jun,Wanted,Action,75000000,134508551,2008,NetflixRating,0,0,0,71,69,6.870967741935484
1-Jul,Hancock,Action,150000000,227946274,2008,NetflixRating,0,0,0,41,60,7.032258064516129
3-Jul,The Wackness,Comedy,6000000,2077046,2008,NetflixRating,0,0,0,69,72,7.096774193548387
4-Jul,Astérix aux Jeux Olympiques,Adventure,113500000,999811,2008,NetflixRating,0,0,0,NA,NA,7.129032258064516
11-Jul,August,Drama,3400000,12636,2008,NetflixRating,0,0,0,35,22,7.354838709677419
11-Jul,Hellboy 2: The Golden Army,Action,82500000,75986503,2008,NetflixRating,0,0,0,87,70,7.354838709677419
11-Jul,Journey to the Center of the Earth,Adventure,45000000,101704370,2008,NetflixRating,0,0,0,61,52,7.354838709677419
11-Jul,Meet Dave,Comedy,60000000,11803254,2008,NetflixRating,0,0,0,19,36,7.354838709677419
18-Jul,The Dark Knight,Action,185000000,533345358,2008,NetflixRating,2,8,0,88,90,7.580645161290323
18-Jul,Space Chimps,Adventure,37000000,30105968,2008,NetflixRating,0,0,0,34,33,7.580645161290323
18-Jul,Transsiberian,Thriller/Suspense,15000000,2203641,2008,NetflixRating,0,0,0,91,65,7.580645161290323
25-Jul,Bienvenue chez les Ch'tis,Comedy,16000000,1477650,2008,NetflixRating,0,0,0,71,78,7.806451612903226
25-Jul,Man on Wire,Documentary,1900000,2962242,2008,NetflixRating,1,1,0,100,87,7.806451612903226
25-Jul,Step Brothers,Comedy,65000000,100468793,2008,NetflixRating,0,0,0,55,68,7.806451612903226
25-Jul,The X-Files: I Want to Believe,Action,35000000,20982478,2008,NetflixRating,0,0,0,32,32,7.806451612903226
1-Aug,Frozen River,Drama,1000000,2511476,2008,NetflixRating,0,0,0,87,74,8.03225806451613
1-Aug,Midnight Meat Train,Thriller/Suspense,15000000,73548,2008,NetflixRating,0,0,0,71,50,8.03225806451613
1-Aug,The Mummy: Tomb of the Dragon Emperor,Adventure,175000000,102491776,2008,NetflixRating,0,0,0,13,30,8.03225806451613
1-Aug,Swing Vote,Comedy,21000000,16289867,2008,NetflixRating,0,0,0,38,42,8.03225806451613
6-Aug,The Pineapple Express,Comedy,26000000,87341380,2008,NetflixRating,0,0,0,NA,NA,8.193548387096774
6-Aug,The Sisterhood of the Traveling Pants 2,Adventure,27000000,44089964,2008,NetflixRating,0,0,0,64,66,8.193548387096774
13-Aug,Tropic Thunder,Comedy,90000000,110461307,2008,NetflixRating,0,0,0,83,70,8.419354838709678
14-Aug,The Rise and Fall of Miss Thang,Drama,10000,401,2008,NetflixRating,0,0,0,-1,100,8.451612903225806
15-Aug,Fly Me To the Moon,Adventure,25000000,14543943,2008,NetflixRating,0,0,0,19,24,8.483870967741936
15-Aug,Star Wars: The Clone Wars,Adventure,8500000,35161554,2008,NetflixRating,0,0,0,18,39,8.483870967741936
15-Aug,Vicky Cristina Barcelona,Comedy,16000000,23216709,2008,NetflixRating,1,1,0,81,74,8.483870967741936
20-Aug,The Rocker,Comedy,15000000,6409528,2008,NetflixRating,0,0,0,41,47,8.64516129032258
22-Aug,Death Race,Action,65000000,36316032,2008,NetflixRating,0,0,0,43,61,8.709677419354838
22-Aug,Hamlet 2,Comedy,9000000,4886216,2008,NetflixRating,0,0,0,62,55,8.709677419354838
22-Aug,The House Bunny,Comedy,25000000,48237389,2008,NetflixRating,0,0,0,41,51,8.709677419354838
22-Aug,The Longshots,Drama,23000000,11511323,2008,NetflixRating,0,0,0,40,62,8.709677419354838
27-Aug,Traitor,Thriller/Suspense,22000000,23530831,2008,NetflixRating,0,0,0,63,64,8.870967741935484
29-Aug,Babylon A.D.,Action,45000000,22532572,2008,NetflixRating,0,0,0,6,26,8.935483870967742
29-Aug,College,Comedy,6000000,4694491,2008,NetflixRating,0,0,0,5,27,8.935483870967742
29-Aug,Disaster Movie,Comedy,20000000,14190901,2008,NetflixRating,0,0,0,1,19,8.935483870967742
29-Aug,Obsluhoval jsem anglického krále,Black Comedy,4900000,617228,2008,NetflixRating,0,0,0,NA,NA,8.935483870967742
5-Sep,Bangkok Dangerous,Action,45000000,15298133,2008,NetflixRating,0,0,0,9,26,9.161290322580646
12-Sep,Burn After Reading,Black Comedy,37000000,60355347,2008,NetflixRating,0,0,0,78,64,9.387096774193548
12-Sep,Righteous Kill,Thriller/Suspense,60000000,40081410,2008,NetflixRating,0,0,0,19,38,9.387096774193548
12-Sep,The Women,Comedy,16000000,26902075,2008,NetflixRating,0,0,0,13,38,9.387096774193548
19-Sep,Appaloosa,Western,20000000,20211394,2008,NetflixRating,0,0,0,76,54,9.612903225806452
19-Sep,Ghost Town,Romantic Comedy,20000000,13252641,2008,NetflixRating,0,0,0,85,61,9.612903225806452
19-Sep,Igor,Comedy,30000000,19528602,2008,NetflixRating,0,0,0,36,37,9.612903225806452
19-Sep,Lakeview Terrace,Thriller/Suspense,20000000,39263506,2008,NetflixRating,0,0,0,45,39,9.612903225806452
19-Sep,My Best Friend's Girl,Comedy,20000000,19219250,2008,NetflixRating,0,0,0,14,47,9.612903225806452
19-Sep,Tropa de Elite,Action,6537890,8744,2008,NetflixRating,0,0,0,53,87,9.612903225806452
26-Sep,Eagle Eye,Thriller/Suspense,80000000,101440743,2008,NetflixRating,0,0,0,26,62,9.838709677419354
26-Sep,Fireproof,Drama,500000,33456317,2008,NetflixRating,0,0,0,40,83,9.838709677419354
26-Sep,The Lucky Ones,Drama,14000000,266967,2008,NetflixRating,0,0,0,36,54,9.838709677419354
26-Sep,Miracle at St. Anna,Drama,45000000,7916887,2008,NetflixRating,0,0,0,34,51,9.838709677419354
1-Oct,Religulous,Documentary,2500000,13011160,2008,NetflixRating,0,0,0,69,78,10.03225806451613
3-Oct,An American Carol,Comedy,20000000,7013191,2008,NetflixRating,0,0,0,11,46,10.096774193548388
3-Oct,Beverly Hills Chihuahua,Comedy,20000000,94514402,2008,NetflixRating,0,0,0,41,52,10.096774193548388
3-Oct,Blindness,Thriller/Suspense,25000000,3073392,2008,NetflixRating,0,0,0,43,47,10.096774193548388
3-Oct,How to Lose Friends & Alienate People,Comedy,28000000,2775593,2008,NetflixRating,0,0,0,36,43,10.096774193548388
3-Oct,Nick and Norah's Infinite Playlist,Drama,10000000,31487293,2008,NetflixRating,0,0,0,74,65,10.096774193548388
3-Oct,Rachel Getting Married,Drama,12000000,12796861,2008,NetflixRating,0,0,0,85,62,10.096774193548388
4-Oct,The Express,Drama,37500000,9793406,2008,NetflixRating,0,0,0,61,75,10.129032258064516
8-Oct,RocknRolla,Action,18000000,5700626,2008,NetflixRating,0,0,0,59,71,10.258064516129032
10-Oct,Body of Lies,Thriller/Suspense,67500000,39394666,2008,NetflixRating,0,0,0,54,62,10.32258064516129
10-Oct,Call+Response,Documentary,200000,212989,2008,NetflixRating,0,0,0,NA,NA,10.32258064516129
10-Oct,City of Ember,Adventure,38000000,7871693,2008,NetflixRating,0,0,0,53,46,10.32258064516129
10-Oct,Good Dick,Drama,200000,28835,2008,NetflixRating,0,0,0,51,52,10.32258064516129
10-Oct,Quarantine,Horror,12000000,31691811,2008,NetflixRating,0,0,0,58,45,10.32258064516129
17-Oct,Max Payne,Action,35000000,40687294,2008,NetflixRating,0,0,0,16,30,10.548387096774194
17-Oct,The Secret Life of Bees,Drama,11000000,37770162,2008,NetflixRating,0,0,0,58,78,10.548387096774194
17-Oct,Sex Drive,Comedy,19000000,8402485,2008,NetflixRating,0,0,0,46,59,10.548387096774194
17-Oct,W.,Drama,25100000,25534493,2008,NetflixRating,0,0,0,27,78,10.548387096774194
17-Oct,What Just Happened,Comedy,27000000,1090947,2008,NetflixRating,0,0,0,51,22,10.548387096774194
24-Oct,Changeling,Thriller/Suspense,55000000,35739802,2008,NetflixRating,0,0,0,63,82,10.774193548387096
24-Oct,Heroes,Adventure,400000,655538,2008,NetflixRating,0,0,0,-1,55,10.774193548387096
24-Oct,High School Musical 3: Senior Year,Musical,11000000,90559416,2008,NetflixRating,0,0,0,65,72,10.774193548387096
24-Oct,Låt den rätte komma in,Horror,4500000,2122085,2008,NetflixRating,0,0,0,NA,NA,10.774193548387096
24-Oct,Passchendaele,Drama,20000000,4452423,2008,NetflixRating,0,0,0,36,59,10.774193548387096
24-Oct,Pride and Glory,Drama,30000000,15740721,2008,NetflixRating,0,0,0,35,50,10.774193548387096
24-Oct,Roadside Romeo,Adventure,2000000,55202,2008,NetflixRating,0,0,0,-1,49,10.774193548387096
24-Oct,Saw V,Horror,10800000,56746769,2008,NetflixRating,0,0,0,12,53,10.774193548387096
24-Oct,Synecdoche: New York,Drama,20000000,3083538,2008,NetflixRating,0,0,0,68,70,10.774193548387096
31-Oct,Zack and Miri Make a Porno,Comedy,24000000,31457946,2008,NetflixRating,0,0,0,65,67,11.0
7-Nov,The Boy in the Striped Pajamas,Drama,12500000,9046156,2008,NetflixRating,0,0,0,63,85,11.225806451612904
7-Nov,Madagascar: Escape 2 Africa,Comedy,150000000,180010950,2008,NetflixRating,0,0,0,64,66,11.225806451612904
12-Nov,Slumdog Millionaire,Drama,14000000,141319928,2008,NetflixRating,8,10,1,94,90,11.387096774193548
14-Nov,Quantum of Solace,Action,230000000,169368427,2008,NetflixRating,0,0,0,64,59,11.451612903225806
21-Nov,Bolt,Comedy,150000000,114053759,2008,NetflixRating,0,0,0,88,74,11.67741935483871
21-Nov,Twilight,Drama,37000000,192769854,2008,NetflixRating,0,0,0,-1,74,11.67741935483871
26-Nov,Australia,Drama,130000000,49554002,2008,NetflixRating,0,0,0,55,65,11.838709677419354
26-Nov,Four Christmases,Comedy,80000000,120146040,2008,NetflixRating,0,0,0,25,48,11.838709677419354
26-Nov,Milk,Drama,20000000,31841299,2008,NetflixRating,2,8,0,94,89,11.838709677419354
5-Dec,Cadillac Records,Drama,12000000,8138000,2008,NetflixRating,0,0,0,67,66,12.161290322580646
5-Dec,Frost/Nixon,Drama,29000000,18622031,2008,NetflixRating,0,0,0,92,88,12.161290322580646
5-Dec,Punisher: War Zone,Action,35000000,8050977,2008,NetflixRating,0,0,0,27,42,12.161290322580646
10-Dec,The Reader,Drama,32500000,34194407,2008,NetflixRating,1,5,0,61,79,12.32258064516129
10-Dec,Wendy and Lucy,Drama,300000,865695,2008,NetflixRating,0,0,0,85,67,12.32258064516129
10-Dec,The Duchess,Drama,27000000,43306325,2008,NetflixRating,1,2,0,61,67,12.32258064516129
12-Dec,Che: El Ar the Argentine,,58000000,293708,2008,NetflixRating,0,0,0,NA,NA,12.387096774193548
12-Dec,Los Cronocrímenes,Thriller/Suspense,2600000,39127,2008,NetflixRating,0,0,0,NA,NA,12.387096774193548
12-Dec,The Day the Earth Stood Still,Adventure,80000000,79366978,2008,NetflixRating,0,0,0,21,27,12.387096774193548
12-Dec,Delgo,Adventure,40000000,915840,2008,NetflixRating,0,0,0,12,25,12.387096774193548
12-Dec,Doubt,Drama,20000000,33446470,2008,NetflixRating,0,0,0,78,78,12.387096774193548
12-Dec,Gran Torino,Drama,25000000,148095302,2008,NetflixRating,0,0,0,79,90,12.387096774193548
17-Dec,The Wrestler,Drama,6000000,26238243,2008,NetflixRating,0,0,0,98,88,12.548387096774194
19-Dec,Seven Pounds,Drama,54000000,69951824,2008,NetflixRating,0,0,0,27,75,12.612903225806452
19-Dec,The Tale of Despereaux,Adventure,60000000,50877145,2008,NetflixRating,0,0,0,56,45,12.612903225806452
19-Dec,Yes Man,Comedy,50000000,97690976,2008,NetflixRating,0,0,0,45,66,12.612903225806452
25-Dec,Bedtime Stories,Comedy,80000000,110101975,2008,NetflixRating,0,0,0,25,56,12.806451612903226
25-Dec,The Curious Case of Benjamin Button,Drama,160000000,127509326,2008,NetflixRating,3,13,0,72,80,12.806451612903226
25-Dec,Valkyrie,Thriller/Suspense,90000000,83077762,2008,NetflixRating,0,0,0,62,65,12.806451612903226
25-Dec,Waltz with Bashir,Documentary,2000000,2283849,2008,NetflixRating,0,0,0,96,90,12.806451612903226
26-Dec,Revolutionary Road,Drama,45000000,22911480,2008,NetflixRating,0,0,0,68,71,12.838709677419354
31-Dec,Defiance,Drama,50000000,28644813,2008,NetflixRating,0,0,0,57,73,13.0
31-Dec,Good,Drama,16000000,31631,2008,NetflixRating,0,0,0,33,32,13.0
